playerid,Name,Team,Age,G,GS,CG,IP,TBF,WP,Pitches,Start-IP,Relief-IP,FB%,FBv,SL%,SLv,CT%,CTv,CB%,CBv,CH%,CHv,SF%,SFv,KN%,KNv,Pace,y
15038,German Marquez,COL,21,35,32,0,182.2,799,6,3012,177.1,5.1,0.651,94.8,0.036,86.6,,,0.254,80.4,0.058,85.2,,,,,19.8,196
18356,Jaime Barria,LAA,21,26,26,0,129.1,537,3,2171,129.1,,0.496,91.2,0.363,81.8,,,,,0.141,82.6,,,,,24.1,82.2
17479,Jack Flaherty,STL,21,34,33,0,172.1,709,6,2945,171.1,1,0.556,92.7,0.292,83.8,,,0.115,77.3,0.037,86,,,,,22.1,196.1
14120,Lance McCullers Jr.,HOU,22,36,36,1,206.2,872,17,3451,206.2,,0.496,94.3,,,,,0.414,84.6,0.09,88.6,,,,,22.8,118.2
12972,Joe Ross,WSN,22,35,32,0,181.2,761,3,2861,178.2,3,0.542,93,0.376,83.8,,,,,0.081,87.3,,,,,24,73.2
13475,Daniel Norris,- - -,22,32,27,0,136,583,4,2363,130.5,4.1,0.603,92.5,0.159,85.3,,,0.092,75.5,0.146,85.4,,,,,21.7,101.2
16137,Carlos Rodon,CHW,22,54,51,1,304.1,1322,18,5236,298,6.1,0.621,93.4,0.28,87,,,,,0.099,84.1,,,,,21.1,69.1
11836,Taijuan Walker,SEA,22,62,59,3,342,1439,10,5566,331.5,9.1,0.627,94.2,,,0.086,89.2,0.099,75.1,0.188,88.5,,,,,19.9,157.1
15890,Luis Severino,NYY,22,33,22,0,133.1,567,5,2294,109.3,23.1,0.54,95.8,0.342,88.7,,,,,0.118,88.4,,,,,21.8,193.1
15890,Luis Severino,NYY,22,64,53,0,326.2,1350,11,5376,302.4,23.1,0.525,96.8,0.347,88.5,,,,,0.128,87.7,,,,,21.1,191.1
14120,Lance McCullers Jr.,HOU,22,58,58,1,325.1,1384,25,5465,324.4,,0.462,94.2,0.001,88.2,,,0.436,85,0.101,88.7,,,,,22.8,128.1
15488,Antonio Senzatela,COL,22,36,20,0,134.2,564,1,2217,111,23.2,0.718,94.3,0.212,82.8,,,0.033,77.7,0.036,85.2,,,,,21,90.1
15734,Brad Keller,KCR,22,41,20,1,140.1,583,8,2234,118,22.1,0.697,93.9,0.262,85.7,,,,,0.041,88.5,,,,,20.1,165.1
15038,German Marquez,COL,22,68,65,0,378.2,1616,14,6133,373.1,5.1,0.6,95,0.1,85.7,,,0.238,81.2,0.061,85.6,,,,,19.6,174
15474,Lucas Giolito,- - -,22,45,43,0,240,1055,16,4109,234.2,5.1,0.606,92.5,0.129,83.9,,,0.11,78.8,0.155,81.8,,,,,23.3,176.2
13218,Michael Fulmer,DET,23,26,26,1,159,647,1,2473,159,,0.569,94.8,0.259,87.9,,,,,0.173,86.1,,,,,22.3,164.2
11682,Carlos Martinez,STL,23,119,67,0,464.1,1950,24,7251,401.4,62,0.589,95.7,0.226,85.5,,,0.024,81.5,0.162,87.1,,,,,21.2,205
14078,Michael Wacha,STL,23,76,73,0,426.1,1815,12,6955,420.2,5.2,0.561,93.6,,,0.136,89.7,0.113,75.2,0.19,85.8,,,,,20.4,165.2
13183,Zach Davies,MIL,23,34,34,0,197.1,821,3,3127,197.1,,0.572,89.2,,,0.111,85.3,0.104,72.2,0.213,78.5,,,,,21.2,191.1
11189,Vince Velasquez,- - -,23,43,31,1,186.2,782,6,3189,169,17.2,0.657,94,0.106,83.9,,,0.126,80.3,0.112,87.2,,,,,24.8,72
13164,Eduardo Rodriguez,BOS,23,41,41,0,228.2,980,4,3863,228.2,,0.675,93.8,0.136,85.9,0.009,90.4,,,0.179,87.1,,,,,22.7,137.1
10190,Tyler Skaggs,LAA,23,28,28,0,162.2,683,7,2579,162.2,,0.634,92.3,,,,,0.25,76.6,0.116,85.1,,,,,24.7,85
16149,Aaron Nola,PHI,23,33,33,0,188.2,801,2,2913,188.2,,0.6,90.3,,,,,0.302,76.4,0.098,81.9,,,,,22.4,168
14843,Michael Lorenzen,CIN,23,62,21,0,163.1,717,6,2752,105.2,57.2,0.605,94.5,0.144,85.7,0.098,92.9,0.094,80.3,0.059,85.3,,,,,20.6,83
11486,Robbie Ray,- - -,23,64,61,0,330.2,1457,12,5980,327.3,2.2,0.705,93.6,0.172,83.9,,,0.034,80.7,0.089,84.8,,,,,23,162
10811,Mike Foltynewicz,- - -,23,56,37,0,228.2,1008,19,3927,207.1,20.4,0.666,95.3,0.164,84.8,,,0.104,77.1,0.065,84.8,,,,,21,154
12918,Archie Bradley,ARI,23,34,34,0,177.1,799,7,3220,176.4,,0.701,92.4,,,,,0.237,80.2,0.062,85.6,,,,,22.6,73
14682,Luis Perdomo,SDP,23,35,20,1,146.2,662,10,2371,117,29.2,0.668,93.6,0.235,83,,,,,0.097,87.9,,,,,22.7,163.2
11762,Noah Syndergaard,NYM,23,62,61,0,364,1471,19,5774,362.3,1,0.595,97.6,0.132,90.9,,,0.143,81.4,0.13,89.1,0,92,,,23.4,154.1
11490,Aaron Sanchez,TOR,23,79,49,0,320.1,1337,14,4981,294,26.1,0.76,94.8,0.008,89.4,0.002,93.3,0.153,78.5,0.076,88.6,,,,,21.9,105
13183,Zach Davies,MIL,23,67,67,0,388.2,1638,5,6216,388.2,,0.575,89.4,,,0.12,85.9,0.129,73,0.177,78.9,,,,,21.1,66
16149,Aaron Nola,PHI,23,60,60,0,356.2,1494,3,5578,356.2,,0.569,91,,,,,0.305,76.9,0.126,83.1,,,,,22.6,212.1
16137,Carlos Rodon,CHW,23,66,63,1,373.2,1619,22,6417,367.1,6.1,0.619,93.3,0.277,86.6,,,,,0.103,83.9,,,,,21.1,120.2
12917,Dylan Bundy,BAL,23,64,42,1,279.1,1172,0,4770,240.4,38,0.569,92.9,0.132,83.1,,,0.137,75.5,0.163,84.2,,,,,22.1,171.2
12918,Archie Bradley,ARI,23,97,34,0,250.1,1089,7,4378,176.4,73,0.715,93.5,,,0.008,90.5,0.231,80.8,0.046,85.6,,,,,22.1,71.2
13164,Eduardo Rodriguez,BOS,23,66,65,0,366,1562,5,6325,364.3,1,0.667,93.6,0.127,85.2,0.027,88.8,,,0.179,86.7,,,,,23.2,129.2
13696,Robert Gsellman,NYM,23,33,29,1,164.1,734,5,2762,156.2,7.2,0.633,93,0.166,88.5,,,0.114,80.4,0.087,85.5,,,,,21.2,80
14168,Jose Berrios,MIN,23,40,39,0,204,897,8,3532,202.2,1.1,0.622,93.4,,,,,0.272,81.2,0.105,84,,,,,22.2,192.1
13774,Zach Eflin,PHI,23,22,22,2,127.2,552,3,2012,127.2,,0.66,92.5,0.191,84.4,,,0.08,77.1,0.07,86,,,,,20.8,128
19374,Walker Buehler,LAD,23,32,23,0,146.2,585,5,2365,136.1,10.1,0.604,96.4,0.129,87.2,0.086,91.7,0.146,80.7,0.035,90.1,,,,,22.1,182.1
16400,Reynaldo Lopez,- - -,23,51,46,0,280.1,1207,15,4657,264.5,14.2,0.615,95.4,0.123,83.9,,,0.102,77.2,0.16,83.8,,,,,22.6,184
19316,Eric Lauer,SDP,23,23,23,0,112,504,2,2026,112,,0.577,91.2,0.202,85.5,0.06,89.9,0.116,74.6,0.044,84.5,,,,,21.4,149.2
13696,Robert Gsellman,NYM,23,101,29,1,244.1,1079,6,4045,156.2,87.2,0.631,93.3,0.166,88.9,,,0.116,80.9,0.087,85.8,,,,,21.6,63.2
14168,Jose Berrios,MIN,23,72,71,2,396.1,1694,10,6600,394.3,1.1,0.614,93.3,,,,,0.288,81.5,0.098,83.9,,,,,21.7,200.1
19427,Shane Bieber,CLE,23,20,19,0,114.2,485,5,1805,110,4.2,0.573,93.1,0.228,83.7,,,0.16,80,0.039,87.9,,,,,21.5,214.1
15488,Antonio Senzatela,COL,23,59,33,0,225,954,2,3746,184,40.3,0.687,94.1,0.199,82.9,,,0.057,78.1,0.057,86.1,,,,,21.4,124.2
16358,Tyler Mahle,CIN,23,27,27,0,132,599,2,2440,132,,0.676,92.5,0.209,83.5,,,0.009,77.2,0.107,83.5,,,,,20.2,129.2
16918,Luke Weaver,STL,23,52,43,0,233,1028,4,4114,219.4,12.2,0.586,93.3,,,0.051,87.2,0.114,80.3,0.249,84.8,,,,,21.8,64.1
13774,Zach Eflin,PHI,23,46,46,2,255.2,1100,7,4052,255.2,,0.621,93.4,0.222,85.3,,,0.067,77.3,0.091,86.4,,,,,20.8,163.1
14374,Tyler Glasnow,- - -,23,67,28,0,197,878,17,3514,128.3,68,0.675,95.6,0.06,85.1,,,0.209,80.7,0.056,89.2,,,,,22,60.2
13125,Gerrit Cole,PIT,24,75,75,1,462,1909,21,7374,462,,0.669,95.5,0.176,87.2,,,0.11,82.4,0.045,87.7,,,,,21.7,203
6797,Julio Teheran,ATL,24,96,96,5,609.2,2485,10,9517,609.2,,0.596,90.8,0.229,81,,,0.092,72.4,0.083,82,,,,,23.2,188.1
11674,Jameson Taillon,PIT,24,18,18,0,104,418,1,1550,104,,0.632,94.3,,,,,0.263,80.1,0.106,87,,,,,22.3,133.2
13781,Alex Wood,- - -,24,81,66,1,421.2,1750,15,6577,401.4,19.1,0.598,89.6,,,,,0.233,80.2,0.169,82.6,,,,,21.1,152.1
10310,Zack Wheeler,NYM,24,32,32,1,185.1,794,9,3308,185.1,,0.621,95,0.15,89.1,,,0.158,78.7,0.072,88.2,,,,,22.1,86.1
14107,Kevin Gausman,BAL,24,75,67,1,405.1,1703,24,6940,392.4,12,0.684,94.9,0.109,79.8,,,,,0.036,84.7,0.171,84.2,,,23.1,186.2
15873,Sean Manaea,OAK,24,25,24,0,144.2,594,3,2169,139.2,5,0.581,92.3,0.138,80.2,,,,,0.28,84.7,,,,,22.7,158.2
13431,Marcus Stroman,TOR,24,62,56,1,361.2,1492,20,5557,351.1,10.1,0.559,92.8,0.117,86.7,0.136,90.3,0.124,82.2,0.064,85.2,,,,,20.4,201
15514,Kendall Graveman,- - -,24,57,52,3,306.1,1306,7,4791,301.2,4.2,0.593,92,0.078,78.5,0.234,87.5,,,0.049,85.3,0.046,83.3,,,21.1,105.1
12703,Trevor Bauer,CLE,24,92,84,2,519,2218,16,8552,501.2,17.1,0.523,93.3,0.102,83.4,0.103,87.8,0.147,77.5,0.1,85.1,0.026,86.8,,,22.3,176.1
6902,Martin Perez,TEX,24,55,55,2,328.2,1401,5,5070,327.5,,0.609,92.1,0.109,85.2,,,0.102,79.2,0.18,84.1,,,,,22.6,185
12730,Nick Martinez,TEX,24,65,50,0,304,1347,11,5174,272.4,30.2,0.639,90.7,0.186,83,,,0.068,75.7,0.107,83.2,,,,,22.1,111.1
14916,Jon Gray,COL,24,38,38,1,208.2,897,10,3475,208.2,,0.567,95,0.254,88.3,,,0.089,77.9,0.09,85.2,,,,,24.1,110.1
7593,Jordan Lyles,COL,24,72,37,0,234.1,1031,13,3824,195.2,38.2,0.631,91.8,0.19,87.7,0.003,89.5,0.086,80.2,0.089,82.6,,,,,21.7,69.2
15440,Matthew Boyd,- - -,24,33,30,0,154.2,664,5,2686,147.4,5.4,0.594,91.2,0.134,82.3,,,0.108,73.1,0.165,79.1,,,,,22.3,135
11589,Jose Urena,MIA,24,48,21,0,145.1,647,2,2434,109.2,35.2,0.64,94.4,0.168,85.4,,,0.019,82.8,0.173,88.6,,,,,21.3,169.2
13453,Eddie Butler,COL,24,36,28,1,159.1,739,1,2694,141.1,18,0.63,93.2,0.188,87.1,,,0.063,80.5,0.12,87.2,,,,,22.2,54.2
11682,Carlos Martinez,STL,24,94,92,2,580,2422,25,9004,574.3,5,0.572,95.5,0.234,85.3,,,0.022,81.4,0.172,87.2,,,,,20.3,118.2
13218,Michael Fulmer,DET,24,51,51,2,323.2,1323,4,4952,323.2,,0.581,95.3,0.236,88.6,,,0.002,78.6,0.181,87,,,,,22.4,132.1
12385,Nick Tropeano,LAA,24,21,20,0,106,457,4,1864,104.3,1,0.515,91,,,,,0.244,80.2,0.194,82.2,0.046,80.3,,,22.8,76
11486,Robbie Ray,ARI,24,83,83,1,464,1986,18,8148,463.3,,0.674,93.9,0.182,84.3,,,0.095,81.9,0.05,85.4,,,,,22.6,123.2
13543,Blake Snell,TBR,24,43,43,0,218.1,948,14,3994,218.1,,0.56,94,0.129,84.6,,,0.113,77.7,0.197,85.8,,,,,23.3,180.2
16256,Kyle Freeland,COL,24,33,28,0,156,688,1,2573,149.2,6.1,0.639,92,0.041,80.5,0.25,86.3,,,0.071,86.2,,,,,23.1,202.1
14078,Michael Wacha,STL,24,87,84,1,485,2069,15,7951,478.4,5.2,0.546,94.2,,,0.155,90.1,0.11,75.7,0.188,86.4,,,,,20.5,84.1
15873,Sean Manaea,OAK,24,54,53,0,303.1,1286,11,4857,297.4,5,0.583,91.9,0.159,80,,,,,0.258,84,,,,,22.1,160.2
14975,Chad Kuhl,PIT,24,45,45,0,228,981,10,3828,227.3,,0.629,94.9,0.23,87.8,,,0.044,82.4,0.097,87.8,,,,,20.9,85
14916,Jon Gray,COL,24,58,58,1,319,1358,13,5308,318.3,,0.569,95.3,0.262,88.8,,,0.106,78.9,0.064,85.4,,,,,23.9,172.1
11189,Vince Velasquez,- - -,24,58,46,1,258.2,1097,8,4458,241,17.2,0.664,94,0.096,84,,,0.132,80.5,0.109,87.3,,,,,24.7,146.2
12970,Joe Musgrove,HOU,24,49,25,0,171.1,718,4,2740,135.2,35.2,0.472,92.5,0.303,82.6,0.048,89.2,0.083,80.1,0.094,83.6,,,,,21.6,115.1
14843,Michael Lorenzen,CIN,24,132,21,0,246.1,1078,18,4118,105.2,140.2,0.574,95.1,0.148,86.5,0.131,92.8,0.1,81.2,0.047,85.8,,,,,21,81
11589,Jose Urena,MIA,24,82,49,0,315,1371,7,5316,263.3,50.3,0.598,95,0.206,85.1,,,0.009,82.8,0.187,88.4,,,,,20.4,174
10811,Mike Foltynewicz,ATL,24,69,65,0,364,1616,20,6371,359.1,4.2,0.638,95.2,0.19,85.4,,,0.113,78.4,0.059,85.5,,,,,20.5,183
16980,Daniel Mengden,OAK,24,21,21,1,115,501,7,1959,115,,0.557,92.1,,,0.17,86,0.128,74,0.144,81.2,,,,,23.8,115.2
15454,Nick Pivetta,PHI,24,26,26,0,133,584,11,2439,133,,0.659,94.4,0.15,83.4,,,0.148,79.3,0.043,86.7,,,,,20.4,164
11762,Noah Syndergaard,NYM,24,63,62,2,368.1,1512,15,5806,366.4,1,0.562,97.8,0.21,91.5,,,0.092,82.9,0.137,90.1,,,,,23.4,197.2
13543,Blake Snell,TBR,24,74,74,0,399,1648,27,6912,398.3,,0.541,94.7,0.113,85.8,,,0.15,79.7,0.195,86.5,,,,,22.7,107
16149,Aaron Nola,PHI,24,80,80,0,491.1,2007,7,7673,491.1,,0.528,91.7,,,,,0.315,77.4,0.157,84.1,,,,,23.5,202.1
16256,Kyle Freeland,COL,24,66,61,0,358.1,1532,3,5823,351.3,6.1,0.575,91.8,0.043,80.2,0.274,86,,,0.108,85.8,,,,,22.5,104.1
11490,Aaron Sanchez,TOR,24,58,58,0,333,1431,10,5326,333,,0.712,94.4,,,0.002,93.3,0.148,78.6,0.137,88.4,,,,,21.9,131.1
12918,Archie Bradley,ARI,24,165,26,0,286.1,1224,9,4962,141.2,144.2,0.739,94.3,,,0.008,90,0.216,80.8,0.037,85.7,,,,,22.4,71.2
13684,John Gant,- - -,24,53,28,0,181.1,785,9,3108,135.1,45.3,0.573,92.8,0.036,83.9,,,0.137,75.7,0.253,81.2,,,,,23.6,66.1
13183,Zach Davies,MIL,24,74,74,0,420.2,1779,6,6801,420.2,,0.569,89.6,0.003,82.2,0.128,86.2,0.138,73.5,0.162,79.1,,,,,21.2,159.2
12972,Joe Ross,WSN,24,35,35,0,194.2,838,4,3162,194.2,,0.535,92.2,0.358,84.4,,,0.011,80.3,0.095,86.5,,,,,24.2,64
13164,Eduardo Rodriguez,BOS,24,72,67,0,374,1593,2,6629,366.2,7.1,0.609,93.3,0.116,84.7,0.089,88.9,,,0.185,87,,,,,24,203.1
12970,Joe Musgrove,- - -,24,68,44,0,286.2,1204,9,4368,250.3,35.2,0.483,92.7,0.257,83,0.088,89.3,0.062,80.5,0.111,84.5,,,,,22.3,170.1
13619,Jakob Junis,KCR,24,50,46,1,275.1,1180,12,4363,270,5.1,0.54,91.1,0.366,81.8,,,0.03,77.5,0.063,83.8,,,,,19.5,175.1
17186,Dinelson Lamet,SDP,24,21,21,0,114.1,485,9,1941,114.1,,0.55,95,0.4,85.7,,,,,0.05,90,,,,,22.7,73
16980,Daniel Mengden,OAK,24,43,38,2,230.2,977,13,3734,211,19.2,0.544,92.1,0.087,83.1,0.116,86.3,0.116,73.3,0.137,81.6,,,,,23.9,59.2
12917,Dylan Bundy,BAL,24,95,73,2,451,1922,6,7614,411.6,38,0.565,92.4,0.178,82.2,,,0.118,75.2,0.14,84.1,,,,,21.7,161.2
13475,Daniel Norris,DET,24,47,39,0,215.1,962,4,3833,198.3,16.1,0.565,92.5,0.233,86,,,0.085,76.9,0.117,85.8,,,,,22.5,144.1
16130,David Hess,BAL,24,21,19,0,103.1,454,3,1752,100.1,3,0.588,91.9,0.248,80,,,0.074,72.2,0.09,83.7,,,,,21.8,80
12804,Matt Wisler,- - -,24,65,30,0,229,990,6,3601,178.3,49.3,0.571,92.7,0.335,81.9,,,0.051,76.6,0.043,87.1,,,,,22.5,51.1
14682,Luis Perdomo,SDP,24,76,59,1,355,1595,25,5760,322.4,31.2,0.644,93.9,0.275,84.2,,,,,0.08,87.6,,,,,21.6,72
13594,Robert Stephenson,CIN,24,37,22,0,133.1,616,9,2432,105.2,27.2,0.552,93.5,0.161,85,,,0.112,80,0.175,85,,,,,24,64.2
17432,Jeff Hoffman,COL,24,37,23,0,139.1,631,7,2347,120.3,18.1,0.639,94.2,0.1,83.5,,,0.174,76.8,0.087,86.6,,,,,24.1,70
5524,Madison Bumgarner,SFG,25,99,99,12,662.1,2654,9,10255,661.4,,0.472,91.6,0.332,87.1,,,0.154,75.9,0.043,83.9,,,,,23.7,111
12049,Kyle Hendricks,CHC,25,76,75,3,450.1,1805,8,6837,448.1,2,0.657,88,,,0.04,86.2,0.076,76.5,0.227,79.9,,,,,19.8,139.2
13361,Steven Matz,NYM,25,28,28,0,168,696,3,2729,167.3,,0.63,93.8,0.086,87.3,,,0.171,77.9,0.114,83.3,,,,,19.8,66.2
12664,Jerad Eickhoff,PHI,25,41,41,0,248.1,1014,7,3767,248.1,,0.538,91,0.175,81.9,,,0.232,75.1,0.055,84.1,,,,,21.6,128
12768,Sonny Gray,OAK,25,86,86,5,544,2247,43,8320,544,,0.588,92.9,0.121,85.8,0.019,91,0.196,81.2,0.076,87,,,,,24.2,162.1
6397,Jake Odorizzi,TBR,25,92,92,0,525,2192,11,9091,524.3,,0.563,91.1,0.082,83.4,0.069,85.8,0.043,70.4,0.243,84.5,,,,,22.1,143.1
5867,Danny Salazar,CLE,25,75,75,1,432.1,1815,15,7321,432.1,,0.705,94.7,0.081,85.6,,,0.034,80.2,0.18,85.2,,,,,22.4,103
14457,Adam Conley,MIA,25,40,36,0,200.1,865,9,3376,191.3,8.1,0.649,91.1,0.175,84.9,,,0,71,0.175,82.8,,,,,20.6,102.2
13287,Jesse Hahn,- - -,25,39,37,1,216.1,915,13,3423,212.3,3.1,0.663,92.1,0.03,80.8,,,0.22,74.5,0.087,84.4,,,,,23.1,69.2
4338,Tyler Chatwood,COL,25,31,31,0,182,770,9,2900,182,,0.721,92.2,0.015,85.4,0.194,87.1,0.048,76.7,0.022,83.7,,,,,21.2,147.2
10314,Erasmo Ramirez,- - -,25,115,42,0,329.1,1382,13,5060,223.4,105,0.571,91.1,0.15,84.8,,,0.051,78.4,0.229,80.7,,,,,22.1,131.1
9111,Brad Hand,- - -,25,152,28,0,293.2,1246,14,4790,146.1,146.4,0.652,92.4,0.119,83.2,,,0.143,78.8,0.085,86,,,,,24.3,79.1
13758,Tyler Duffey,MIN,25,36,36,0,191,838,10,3186,191,,0.555,90.3,,,,,0.39,79.9,0.055,82.5,,,,,22.3,71
13781,Alex Wood,- - -,25,73,67,0,402.1,1670,12,6154,392.3,9.1,0.565,90.2,,,,,0.239,81.8,0.196,83.8,,,,,22,151.2
13125,Gerrit Cole,PIT,25,86,86,1,527,2187,19,8475,527,,0.643,95.7,0.189,87.6,,,0.101,81,0.067,88.5,,,,,21.7,200.1
13431,Marcus Stroman,TOR,25,69,69,2,432,1792,14,6618,432,,0.592,92.9,0.19,86.6,0.076,89.9,0.083,81.9,0.06,83.7,,,,,20.9,102.1
6797,Julio Teheran,ATL,25,95,95,1,577,2413,15,9320,576.3,,0.608,91.2,0.228,81.3,,,0.086,72.3,0.078,82.3,,,,,23.3,175.2
11674,Jameson Taillon,PIT,25,43,43,0,237.2,1005,8,3872,237.2,,0.637,94.9,,,,,0.261,80.8,0.102,87.7,,,,,21.8,191
13361,Steven Matz,NYM,25,41,41,0,234.2,994,4,3899,233.5,,0.618,93.6,0.073,87,,,0.189,78,0.12,83.4,,,,,19.8,154
14107,Kevin Gausman,BAL,25,89,81,0,478.2,2043,23,8346,465.5,12,0.663,94.9,0.13,81.3,,,0.006,79.2,0.029,84.8,0.172,84.9,,,22.7,183.2
15423,Andrew Heaney,LAA,25,24,24,0,133.1,564,6,2147,132.4,,0.625,91.4,0.18,79.6,,,,,0.195,83.2,,,,,22.3,180
12703,Trevor Bauer,CLE,25,98,89,2,542.1,2304,13,9109,523.4,17.3,0.52,93.3,0.08,84.4,0.09,88.4,0.206,77.9,0.091,86,0.014,85.7,,,21.6,175.1
16977,Trevor Williams,PIT,25,38,26,0,163,703,2,2647,142.2,19.4,0.713,92.2,0.168,84.1,,,0.019,76.8,0.1,85.1,,,,,22.3,170.2
10190,Tyler Skaggs,LAA,25,26,26,0,134.2,584,5,2270,134.2,,0.599,92.3,,,,,0.293,75.8,0.108,85.6,,,,,23.5,125.1
6902,Martin Perez,TEX,25,79,79,0,462.1,2005,8,7390,461.4,,0.597,92.7,0.104,85,,,0.107,79.5,0.192,84.4,,,,,22.4,85.1
15440,Matthew Boyd,- - -,25,59,55,1,289.2,1269,7,5042,280.6,6.5,0.552,91.5,0.122,83.9,,,0.141,74,0.184,80.1,,,,,22.4,170.1
16977,Trevor Williams,PIT,25,69,57,1,333.2,1404,6,5370,312.4,19.4,0.704,91.3,0.159,82.9,,,0.01,76.6,0.126,83.9,,,,,22.3,145.2
10811,Mike Foltynewicz,ATL,25,82,81,2,460.1,1961,24,7931,458.1,2,0.596,95.7,0.229,86.3,,,0.11,79.5,0.065,86.4,,,,,20.1,117
15689,Luis Castillo,CIN,25,46,46,0,259,1067,6,4262,258.3,,0.59,96.4,0.159,84,,,,,0.251,86.6,,,,,20.2,190.2
11486,Robbie Ray,ARI,25,84,84,1,460,1967,21,8178,459.3,,0.624,94.1,0.201,84.9,,,0.151,82.2,0.025,86.6,,,,,23.2,174.1
16943,Sean Newcomb,ATL,25,50,49,0,264,1152,7,4752,263.1,0.2,0.628,93.3,0.042,80.6,,,0.172,77.5,0.158,86.2,,,,,20.1,68.1
19320,Joey Lucchesi,SDP,25,26,26,0,130,548,4,2158,130,,0.639,90.4,,,,,0.025,76.6,0.336,79.4,,,,,25,163.2
10190,Tyler Skaggs,LAA,25,50,50,0,260,1117,7,4436,259.3,,0.592,91.9,,,,,0.288,75.3,0.12,84.8,,,,,23.3,79.2
14078,Michael Wacha,STL,25,72,69,1,388,1662,13,6433,381.4,5.2,0.508,94.1,,,0.174,90.2,0.112,75.6,0.205,86.2,,,,,20.6,126.2
11589,Jose Urena,MIA,25,93,71,1,427.1,1809,7,7095,391.2,35.2,0.591,95.5,0.22,85.5,,,0.003,83.3,0.186,89,,,,,19.7,84.2
15467,Marco Gonzales,- - -,25,40,37,1,206.2,871,4,3265,198.5,7,0.369,90.5,,,0.174,87.1,0.211,78.3,0.246,83.7,,,,,22,203
19309,Trevor Richards,MIA,25,25,25,0,126.1,547,8,2232,126.1,,0.548,90.8,,,,,0.129,80.5,0.322,82.9,,,,,21.4,135.1
14916,Jon Gray,COL,25,80,80,1,450.2,1916,16,7426,450.2,,0.535,95.2,0.297,88.5,,,0.131,79.3,0.036,85.6,,,,,23.1,150
11189,Vince Velasquez,PHI,25,70,69,1,349.2,1496,14,5953,348.2,1,0.651,93.8,0.128,84.4,,,0.13,80.6,0.091,87.6,,,,,24.7,117.1
15454,Nick Pivetta,PHI,25,59,58,0,297,1278,19,5285,296,1,0.622,94.6,0.161,84.3,,,0.186,79.8,0.032,86.9,,,,,20.9,93.2
10603,Chris Sale,CHW,26,89,89,9,609.1,2446,12,9507,608.4,,0.551,93.6,0.213,79,,,0,75,0.237,85.4,,,,,19.8,214.1
15764,Masahiro Tanaka,NYY,26,75,75,4,490,1956,15,7234,489.3,,0.344,91.1,0.236,83.6,0.085,88.7,0.061,75.4,0.001,82.6,0.274,86.9,,,25.3,178.1
11426,Drew Pomeranz,- - -,26,104,49,0,325.2,1338,12,5421,265.4,58.4,0.582,90.9,,,0.067,85.8,0.343,79.6,0.008,83.8,,,,,23.3,173.2
11423,Jose Quintana,CHW,26,96,96,1,614.2,2529,22,10001,614.2,,0.585,91.7,,,0.043,90.2,0.268,79.3,0.104,85.8,,,,,23.1,188.2
10131,Stephen Strasburg,WSN,26,81,81,0,490,1989,13,7723,489.3,,0.604,95,0.06,88.9,,,0.172,81,0.164,88.4,,,,,22.4,175.1
3542,Danny Duffy,KCR,26,103,75,1,465.2,1925,20,7496,430.3,34.2,0.64,93.9,0.159,82.2,,,0.075,77.8,0.126,84.7,,,,,23.5,146.1
17130,Raisel Iglesias,CIN,26,55,21,0,173.2,720,5,2811,120.2,53,0.569,92.3,0.309,82.8,,,,,0.123,85.8,,,,,22.3,76
4869,Mike Montgomery,- - -,26,65,23,2,190,809,20,2966,125.2,64.1,0.533,92.3,,,0.131,88.1,0.186,76.4,0.15,81.9,,,,,20.8,130.2
6345,Chris Archer,TBR,26,99,99,1,608,2540,32,10018,607.3,,0.559,94.7,0.363,87.6,,,,,0.078,86.4,,,,,23,201
12880,Tyler Anderson,COL,26,19,19,0,114.1,478,4,1793,114.1,,0.438,90.9,0.264,86.4,,,0.011,76.2,0.288,81.3,,,,,22.9,86
11828,James Paxton,SEA,26,46,46,0,262,1111,17,4243,262,,0.658,95.5,,,0.099,89.8,0.151,81.8,0.092,87,,,,,20.4,136
2717,Rick Porcello,- - -,26,93,92,6,599.2,2467,15,9209,597.2,2,0.62,90.5,0.115,85.5,,,0.144,75.3,0.12,81.3,,,,,22.8,203.1
5372,Michael Pineda,NYY,26,72,72,1,412.2,1714,14,6705,411.5,,0.53,93.3,0.374,85.3,,,,,0.095,88.1,,,,,24.1,96.1
7738,Wily Peralta,MIL,26,75,75,0,435,1870,12,7078,433.6,,0.649,95.1,0.295,84.7,,,0.005,81.9,0.051,84.3,,,,,22.2,57.1
12022,Matt Andriese,TBR,26,54,27,1,193.1,809,5,3071,140.1,52.3,0.503,91.6,,,0.19,86.3,0.115,79.6,0.192,85.3,,,,,24.6,86
1890,Matt Moore,- - -,26,47,47,0,271.1,1160,12,4525,271.1,,0.601,92.6,,,0.05,90,0.221,80.9,0.129,84.2,,,,,23.5,174.1
10547,Jimmy Nelson,MIL,26,76,74,0,426,1870,23,6884,424.2,1.1,0.67,93.3,0.178,87.1,,,0.139,82.9,0.013,85.5,,,,,24.6,175.1
9460,Dan Straily,- - -,26,52,42,0,260,1099,6,4233,241.3,17.3,0.523,89.1,0.257,82.7,,,0.044,72.6,0.176,82.1,,,,,21.1,181.2
9323,Patrick Corbin,ARI,26,52,40,0,240.2,1058,13,3793,217.1,23.1,0.64,91.9,0.273,80.7,,,,,0.087,84.5,,,,,22.9,189.2
10021,Mike Minor,ATL,26,25,25,0,145.1,637,5,2424,145.1,,0.612,90.3,0.146,85,,,0.16,80.8,0.083,84.1,,,,,21.4,77.2
12580,Adam Morgan,PHI,26,38,36,0,197.2,858,4,3193,193.3,3.2,0.522,90,0.246,82.2,,,0.048,75.3,0.185,78.5,,,,,22.1,54.2
10756,Shane Greene,- - -,26,83,33,0,222.2,974,2,3672,172.4,49.1,0.48,92.8,0.154,81.7,0.307,87.7,0.008,78.9,0.052,85.8,,,,,24.1,67.2
5524,Madison Bumgarner,SFG,26,83,83,9,556,2231,5,8549,555.3,,0.478,91.4,0.33,86.6,,,0.16,76.1,0.032,83.6,,,,,23.7,129.2
12049,Kyle Hendricks,CHC,26,87,86,3,509.2,2054,8,7957,507.2,2,0.659,87.4,,,0.016,87.7,0.076,75.3,0.249,79.7,,,,,19.8,199
17130,Raisel Iglesias,CIN,26,118,21,0,249.2,1026,6,4043,120.2,129,0.568,93.6,0.307,83.5,,,,,0.125,86.5,,,,,22.5,72
4869,Mike Montgomery,- - -,26,109,37,2,320.2,1349,27,5041,194.3,125.2,0.531,92.2,,,0.124,88.2,0.208,76.8,0.138,82.4,,,,,21,124
6397,Jake Odorizzi,TBR,26,89,89,0,500.1,2077,9,8690,499.4,,0.537,91.5,0.074,82.6,0.108,86.1,0.043,71.6,0.238,84.7,,,,,22.1,164.1
12768,Sonny Gray,- - -,26,80,80,4,487.1,2026,39,7689,487.1,,0.589,92.9,0.15,85.5,0.02,91,0.144,81.1,0.097,89,,,,,25.5,130.1
13050,Anthony DeSclafani,CIN,26,51,51,1,308,1292,12,4881,307.3,,0.596,92.7,0.253,87.2,,,0.093,80.5,0.058,86.3,,,,,21.7,115
12808,Mike Clevinger,CLE,26,44,31,0,174.2,735,5,3072,155,19.2,0.55,92.8,0.188,82.1,,,0.098,75.2,0.164,87,,,,,22.4,200
14862,Zack Godley,ARI,26,62,40,0,266.1,1112,20,4160,230.3,34.4,0.33,91.5,,,0.293,90,0.295,82.8,0.083,83.5,,,,,22.5,178.1
12022,Matt Andriese,TBR,26,72,44,1,279.1,1183,8,4512,223.1,55.3,0.484,91.7,,,0.162,86.4,0.133,80.2,0.221,85.6,,,,,25.3,78.2
9323,Patrick Corbin,ARI,26,85,72,0,430.1,1884,23,6877,404.1,25.3,0.592,92.1,0.321,81,,,,,0.087,84.1,,,,,22.1,200
14361,Ty Blach,SFG,26,38,26,1,180.2,754,3,2760,160.2,20,0.601,90.2,0.063,80,,,0.107,76.5,0.23,80.3,,,,,19.3,118.2
9132,Nathan Eovaldi,NYY,26,51,48,0,279,1198,13,4702,271.1,7.2,0.48,96.9,0.205,85,0.032,93.1,0.069,75.3,0.114,88.1,0.1,88.5,,,23.7,111
14457,Adam Conley,MIA,26,62,56,0,303,1328,14,5099,291.5,10.1,0.647,90.6,0.171,84.9,,,0.005,78.8,0.177,82.7,,,,,19.6,50.2
12586,Mike Wright Jr.,BAL,26,43,21,0,144.1,641,5,2498,104.4,39,0.684,93.2,0.209,83.6,,,0.019,76.6,0.088,81.1,,,,,23,84.1
14509,Dereck Rodriguez,SFG,26,21,19,0,118.1,487,1,1863,112,6.1,0.532,91.4,0.115,86,,,0.188,75.4,0.165,84.4,,,,,20.8,99
12808,Mike Clevinger,CLE,26,76,63,1,374.2,1545,9,6337,355,19.2,0.539,93.2,0.2,80.7,,,0.108,75.3,0.153,87.3,,,,,21.3,126
12703,Trevor Bauer,CLE,26,95,86,1,541.2,2277,18,9093,519.5,20.3,0.476,93.9,0.059,82.6,0.122,88,0.253,78.3,0.085,86.7,0.005,85.6,,,21.5,213
13125,Gerrit Cole,- - -,26,86,86,2,519.1,2154,21,8494,519.1,,0.602,96,0.184,88.4,,,0.144,81.6,0.07,88.4,,,,,21.7,212.1
6797,Julio Teheran,ATL,26,93,93,1,552,2294,15,8847,551.3,,0.609,90.7,0.225,81.2,,,0.083,72.5,0.083,82.3,,,,,23.4,174.2
14107,Kevin Gausman,- - -,26,95,95,0,550,2349,22,9474,548.6,,0.631,94.5,0.139,81.5,,,0.005,79.2,0.036,83.2,0.189,84.1,,,22.5,102.1
13431,Marcus Stroman,TOR,26,84,84,2,507.1,2138,15,7952,507.1,,0.575,92.8,0.186,86.6,0.092,90.2,0.093,82.2,0.054,83.4,,,,,21.1,184.1
12664,Jerad Eickhoff,PHI,26,60,58,0,330.2,1413,12,5259,328.2,2,0.517,90.8,0.172,83,,,0.279,75.6,0.033,83.7,,,,,21.7,58.1
13361,Steven Matz,NYM,26,65,65,0,353,1499,4,6016,352.3,,0.604,93.4,0.083,87.6,,,0.174,78.3,0.139,83.8,,,,,18.9,160.1
15423,Andrew Heaney,LAA,26,36,36,1,207.2,875,11,3257,207.2,,0.586,91.9,0.239,78.7,,,,,0.175,83.4,,,,,22.1,95.1
13761,Chris Stratton,SFG,26,48,36,1,213.2,924,8,3665,192.3,20.2,0.621,91.2,0.126,83.6,,,0.159,77.6,0.095,84.1,,,,,21.5,76
15440,Matthew Boyd,DET,26,77,74,1,402.2,1726,9,6899,394.5,6.3,0.523,91.2,0.194,82.2,,,0.142,73.6,0.141,79.9,,,,,21.5,185.1
6902,Martin Perez,TEX,26,87,80,0,469,2063,10,7579,457.3,11,0.615,92.9,0.094,84.6,,,0.106,79.4,0.184,84.4,,,,,22.3,165.1
13758,Tyler Duffey,MIN,26,101,27,0,229,1013,15,3823,135,94,0.566,91.2,0.009,83.6,,,0.363,80.6,0.062,82.9,,,,,22.3,57.2
14825,Dylan Covey,CHW,26,45,33,0,191.2,851,11,3212,167.4,23.1,0.611,93.6,0.136,86.6,0.039,90.8,0.101,80.2,,,0.113,84.6,,,22.4,58.2
2036,Clayton Kershaw,LAD,27,81,81,13,580,2183,21,8176,579.3,,0.536,93.3,0.296,87.9,,,0.162,73.6,0.006,87.7,,,,,22.6,175
10954,Jacob deGrom,NYM,27,76,76,1,479.1,1920,11,7565,479.1,,0.61,94.1,0.168,88.6,,,0.101,80.6,0.12,85.1,,,,,21.4,201.1
9434,Dallas Keuchel,HOU,27,88,88,9,600,2420,25,9182,600,,0.548,89.4,0.222,79,0.101,86.3,,,0.129,79.2,,,,,20.8,145.2
6435,Vance Worley,- - -,27,76,29,1,269,1133,10,4021,173.2,94.4,0.657,89.2,,,0.262,84.8,0.064,76.2,0.017,83.7,,,,,21.1,71.2
11713,Matt Harvey,NYM,27,46,46,0,282,1157,8,4312,281.3,,0.605,95.4,0.157,89.3,,,0.117,83.4,0.121,87.8,,,,,22,92.2
9029,Adam Warren,- - -,27,170,18,0,275.1,1135,14,4676,101,173.4,0.436,93.1,0.306,86.8,,,0.105,79.9,0.153,84.7,,,,,24.2,57.1
6562,Alex Cobb,TBR,27,32,32,0,188.1,785,8,2997,188.1,,0.427,91.5,,,,,0.203,80.5,0.37,86.7,,,,,23.4,179.1
8223,Brett Anderson,- - -,27,43,42,1,235,992,6,3589,232.2,2.1,0.524,90.6,0.267,81.7,,,0.119,75.7,0.089,83.3,,,,,19.9,55.1
5279,Chris Tillman,BAL,27,95,95,1,552.1,2327,21,9290,552.1,,0.622,91.2,,,0.092,85.6,0.149,75.3,0.137,82.9,,,,,22.9,93
10130,Mike Leake,- - -,27,93,93,2,583,2437,17,8628,581.6,,0.479,90.8,0.1,81.1,0.246,89.6,0.101,79.5,0.073,85,,,,,20.8,186
4026,Hector Santiago,- - -,27,96,89,0,490,2105,9,8607,475.5,12.4,0.618,90.9,0.07,79.4,0.074,86.1,0.04,74.6,0.197,82.8,0.002,76.8,,,21.7,70.1
6895,Chase Anderson,- - -,27,79,78,0,418.2,1773,11,6993,415.5,2,0.597,91.2,,,0.023,88.2,0.151,76.8,0.229,81.5,,,,,22.7,141.1
10123,Kyle Gibson,MIN,27,88,88,2,521.1,2231,27,8503,520.4,,0.589,91.4,0.205,84.4,,,0.039,79.8,0.167,83.3,,,,,23.1,158
5401,Brad Peacock,HOU,27,39,30,0,168.1,738,8,2950,151.2,16.2,0.575,92,0.178,82.2,,,0.17,76.4,0.077,80.3,,,,,22.2,132
9761,Joe Kelly,- - -,27,62,48,0,270.2,1189,12,4697,252.3,17.2,0.656,95.3,0.113,86.3,,,0.127,79.9,0.103,84.6,,,,,24.1,58
6249,Trevor Cahill,- - -,27,108,21,0,219.2,970,10,3769,104.1,114.4,0.591,90.9,0.045,87.5,,,0.16,79,0.205,82.6,,,,,20.3,84
2608,Jhoulys Chacin,- - -,27,50,37,1,234,1015,12,3842,200.7,31.2,0.536,89.8,0.216,80.9,0.06,87,0.098,77.3,0.09,82.8,,,,,22.6,180.1
10131,Stephen Strasburg,WSN,27,75,75,1,450.1,1822,9,7170,449.4,,0.569,95.3,0.084,89.5,,,0.192,82,0.155,88.7,,,,,23.4,130
10603,Chris Sale,- - -,27,95,95,8,649.2,2612,12,10182,648.5,,0.537,93.8,0.259,79.2,,,0,75,0.204,86.1,,,,,19.8,158
11426,Drew Pomeranz,- - -,27,116,71,0,430.1,1800,18,7363,386.5,42.2,0.547,91,,,0.076,86.2,0.366,79.4,0.011,82.1,,,,,23.3,74
11828,James Paxton,SEA,27,57,57,0,324,1360,25,5329,324,,0.655,95.6,,,0.11,89.4,0.171,81,0.065,87,,,,,20.2,160.1
11423,Jose Quintana,- - -,27,96,96,2,603,2489,23,9831,602.3,,0.604,91.9,,,0.024,90.4,0.28,78.3,0.091,86,,,,,23.3,174.1
15764,Masahiro Tanaka,NYY,27,85,85,2,532,2166,18,8035,531.3,,0.305,91.5,0.264,84.2,0.094,89,0.062,76.4,,,0.276,87.3,,,25.3,156
6345,Chris Archer,TBR,27,101,101,1,614.1,2570,39,10264,614.1,,0.501,95,0.412,88.4,,,,,0.087,86.3,,,,,23,148.1
3542,Danny Duffy,KCR,27,96,74,1,462.2,1928,17,7344,435.4,26.1,0.575,93.9,0.253,82.5,,,0.004,75,0.168,84.5,,,,,23.5,155
12447,Seth Lugo,NYM,27,36,26,0,165.1,696,3,2602,145.1,20,0.564,91.5,0.161,86,0.009,89.3,0.171,76.9,0.095,84.7,,,,,21.7,101.1
9460,Dan Straily,- - -,27,71,67,0,389.2,1637,6,6437,379.3,9.2,0.506,89.8,0.28,83.4,,,0.037,72.9,0.177,82.7,,,,,20.5,122.1
12880,Tyler Anderson,COL,27,36,34,0,200.1,840,10,3197,195.1,5,0.455,91.4,0.148,86.4,0.096,87.5,0.007,76.1,0.295,82,,,,,23.2,176
2717,Rick Porcello,BOS,27,94,94,5,598.1,2512,20,9537,598.1,,0.622,90.7,0.132,85.6,,,0.144,74.4,0.102,80.8,,,,,22.6,191.1
11713,Matt Harvey,NYM,27,65,64,0,374.2,1588,14,5998,369.5,4,0.601,95,0.176,89,,,0.104,82.9,0.118,87.3,,,,,21.9,155
4338,Tyler Chatwood,COL,27,60,52,1,305.2,1300,19,5007,294.1,11.1,0.672,93.3,,,0.214,88.2,0.08,78.6,0.035,86.1,,,,,21.1,103.2
10587,Chad Bettis,COL,27,61,61,1,347.1,1516,13,5673,347.1,,0.565,91.7,,,0.152,86.1,0.126,74.5,0.157,85.5,,,,,20.9,120.1
12673,Roenis Elias,- - -,27,26,21,0,123.1,533,1,1980,118,4.4,0.525,91.7,,,,,0.223,78.6,0.252,84.7,,,,,22.5,51
1890,Matt Moore,- - -,27,77,76,0,435.2,1906,22,7216,433.2,2,0.568,92.4,,,0.087,89.4,0.206,81,0.139,83.7,,,,,22.8,102
12049,Kyle Hendricks,CHC,27,88,87,2,528.2,2127,5,8215,526.2,2,0.636,86.9,,,,,0.077,73.2,0.287,79.2,,,,,19.9,177
5524,Madison Bumgarner,SFG,27,72,72,5,467.1,1913,7,7290,466.4,,0.432,90.9,0.344,86.4,,,0.174,76.4,0.05,83.3,,,,,23.4,207.2
4869,Mike Montgomery,- - -,27,131,40,0,354.2,1488,21,5535,201.5,151.3,0.519,92.4,,,0.107,88.5,0.232,77.2,0.142,83.3,,,,,21.3,91
12447,Seth Lugo,NYM,27,90,31,0,266.2,1106,5,4216,168.1,98.1,0.535,92.3,0.144,86.6,0.005,89.3,0.228,78.6,0.087,85.5,,,,,21.7,80
13273,Ross Stripling,LAD,27,104,37,0,296.1,1226,11,4768,186.3,108.4,0.422,91.5,0.27,87.4,,,0.214,79.5,0.094,83.7,,,,,24,90.2
9323,Patrick Corbin,ARI,27,102,89,1,545.1,2327,27,8765,519.1,25.3,0.546,91.7,0.358,81.3,,,0.032,72.5,0.063,83.9,,,,,22.2,202
13050,Anthony DeSclafani,CIN,27,41,41,1,238.1,991,10,3760,238.1,,0.57,93.2,0.31,87.2,,,0.085,81.2,0.034,88,,,,,20.8,166.2
6397,Jake Odorizzi,- - -,27,93,93,0,495.1,2088,5,9012,494.4,,0.548,91.4,0.128,82.7,0.078,86.5,0.049,72,0.197,84.4,,,,,22.8,159
9132,Nathan Eovaldi,- - -,27,46,42,0,235.2,980,9,3859,224.1,10.4,0.442,97.2,0.15,86.4,0.188,92.9,0.037,76.5,,,0.183,88.4,,,22.6,67.2
14862,Zack Godley,ARI,27,86,66,0,408,1753,35,6594,378.2,28.4,0.319,90.8,,,0.251,89.5,0.36,82.2,0.07,82.8,,,,,23,92
4338,Tyler Chatwood,- - -,27,84,72,1,409.1,1786,27,6957,390.1,18.3,0.648,93.3,,,0.226,88.4,0.081,78.5,0.044,86.2,,,,,21.5,76.2
12768,Sonny Gray,- - -,27,79,72,1,409.2,1777,35,6860,392.1,17.1,0.504,92.9,0.152,85.1,0.074,92.9,0.173,81.4,0.097,89.5,,,,,25,175.1
12022,Matt Andriese,- - -,27,88,41,1,292.1,1241,9,4769,201.1,90.3,0.457,92,,,0.115,86.2,0.121,80.5,0.307,85.9,,,,,25.8,70.2
14457,Adam Conley,MIA,27,99,45,0,286.2,1249,17,4771,233.3,52.2,0.634,91.1,0.174,85.4,,,0.005,78.8,0.187,83.2,,,,,19.2,60.2
11760,Drew Smyly,TBR,27,30,30,0,175.1,738,10,2893,175.1,,0.565,90.2,,,0.144,85.1,0.227,75.8,0.063,80.1,,,,,21.7,114
13194,Joe Biagini,TOR,27,154,22,0,259.1,1140,17,4280,106.2,151.5,0.57,94.1,0.139,89.6,,,0.182,79,0.109,86.3,,,,,25.2,64.2
12778,Sam Gaviglio,- - -,27,42,37,0,198,861,7,3210,189.2,8.1,0.562,88.2,0.258,83.1,,,0.082,78.6,0.097,83.1,,,,,22.7,95.2
2520,Lance Lynn,STL,28,64,64,2,379,1617,9,6503,378.3,,0.82,92.1,0.091,87.2,,,0.067,78.8,0.022,84.5,,,,,22.4,186.1
8753,Tanner Roark,WSN,28,105,76,1,519.2,2120,6,8154,470.5,47.3,0.65,91.9,0.149,84.7,,,0.108,75.9,0.093,82.9,,,,,21.3,181.1
13074,Yu Darvish,TEX,28,39,39,2,244.2,1021,20,3891,244.2,,0.56,92.8,0.2,80.5,0.101,88.4,0.093,73,0.033,86.1,0.013,89.3,,,24.9,186.2
6632,Carlos Carrasco,CLE,28,95,69,5,464,1858,13,6980,420.3,43,0.547,94.5,0.201,87.5,,,0.106,82.7,0.146,88.7,,,,,24.1,200
18498,Kenta Maeda,LAD,28,32,32,0,175.2,716,6,2930,175.2,,0.429,90,0.288,81.4,,,0.179,72.5,0.104,82.5,,,,,24.5,134.1
14444,Hyun-Jin Ryu,LAD,28,27,27,0,156.2,655,2,2532,156.2,,0.524,90.8,0.156,84.4,,,0.132,72.4,0.188,82.1,,,,,20.3,126.2
7531,Collin McHugh,HOU,28,90,90,1,543,2274,20,8886,541.6,,0.362,90.7,0.229,86.5,0.103,86.7,0.258,72.7,0.048,83.2,,,,,23.1,63.1
8137,Jaime Garcia,STL,28,59,57,1,345,1428,13,5066,337.6,6,0.613,90.4,,,0.173,82.2,0.042,72,0.172,82.4,,,,,23.7,157
4776,Matt Shoemaker,LAA,28,79,71,1,431.1,1780,10,6666,415.2,15.2,0.52,90.7,0.149,81.9,,,0.058,75.5,0,84,0.272,84.2,,,23.1,77.2
6316,David Phelps,- - -,28,119,41,1,311.2,1331,4,5280,226.5,83.3,0.566,91.3,,,0.234,87.9,0.138,79.4,0.061,82.6,,,,,23,55.2
8782,Andrew Cashner,- - -,28,78,77,2,440,1898,8,7276,438.5,0.1,0.675,94.3,0.195,85.8,,,0.042,80.8,0.088,85.5,,,,,21.4,166.2
4371,Jeremy Hellickson,- - -,28,72,72,1,398.2,1689,19,6581,398.2,,0.529,90.1,,,0.043,85.5,0.178,76.7,0.25,80.3,,,,,25.7,164
9884,Travis Wood,CHC,28,162,40,0,335.1,1452,4,5779,215.4,119,0.57,89.3,0.074,80.1,0.256,85.9,0.038,71.3,0.062,79.6,,,,,22.2,94
4141,Derek Holland,TEX,28,38,35,1,203,851,4,3309,197.4,4.2,0.602,92.1,0.172,81.8,,,0.137,77,0.089,83.6,,,,,22.3,135
7731,Juan Nicasio,- - -,28,138,27,0,270,1182,8,4864,137.1,131.5,0.706,93.7,0.258,85.7,,,,,0.035,86.1,,,,,24.4,72.1
8779,Wade Miley,- - -,28,95,95,2,561,2408,27,9143,560.3,,0.567,90.8,0.2,84.8,0.005,89.1,0.071,77,0.158,82.7,,,,,19,157.1
1994,Ivan Nova,- - -,28,53,47,3,276.2,1193,16,4167,261.5,14,0.65,92.7,,,0.016,86.7,0.29,79.9,0.044,86.3,,,,,24.5,187
9895,Chris Rusin,- - -,28,57,29,2,228.2,1002,7,3608,164,63.5,0.447,89.5,0.067,82.2,0.264,86.7,0.046,78.3,0.177,81.7,,,,,23.3,85
16017,Odrisamer Despaigne,- - -,28,69,34,0,252.1,1086,7,4171,197.1,54.3,0.572,91,0.001,84.2,0.148,87.4,0.179,73.8,0.099,76.2,,,,,22.3,58.1
11132,A.J. Griffin,TEX,28,23,23,0,119,509,0,2063,119,,0.539,87.7,0.182,83.2,,,0.189,66.7,0.091,80.8,,,,,19.9,77.1
2036,Clayton Kershaw,LAD,28,81,81,8,556.2,2113,18,7975,556.2,,0.509,93.2,0.314,88.2,,,0.171,73.4,0.007,86.6,,,,,22.8,161.1
10954,Jacob deGrom,NYM,28,85,85,2,540.1,2182,17,8497,540.1,,0.588,94.6,0.191,89.2,,,0.1,81.1,0.121,86.4,,,,,21.6,217
5401,Brad Peacock,HOU,28,45,27,0,168.2,695,8,2825,140.4,27.1,0.518,92,0.357,81.2,,,0.075,76.8,0.051,80.6,,,,,22.2,65
9434,Dallas Keuchel,HOU,28,82,82,5,545.2,2196,19,8356,545.2,,0.548,89,0.219,78.7,0.112,86.3,,,0.121,79,,,,,21.6,204.2
9784,Garrett Richards,LAA,28,44,44,1,269.2,1121,22,4292,268.5,,0.609,95.5,0.321,87.6,,,0.057,79.5,0.013,87.9,,,,,24.3,76.1
9029,Adam Warren,- - -,28,147,18,0,254,1034,15,4283,101,152.3,0.432,92.7,0.328,87,,,0.102,79.6,0.139,84.6,,,,,24.3,51.2
6895,Chase Anderson,- - -,28,83,82,0,445.2,1856,7,7355,442.5,2,0.571,91.8,,,0.062,89,0.152,77.3,0.216,82.1,,,,,22.9,158
10130,Mike Leake,- - -,28,91,91,2,554.2,2317,16,8192,553.5,,0.463,90.5,0.108,81,0.255,89.4,0.086,79.1,0.089,84.8,,,,,20.3,185.2
2608,Jhoulys Chacin,- - -,28,71,58,1,351,1508,15,5752,317.7,31.2,0.534,91,0.283,80.8,0.042,87.1,0.073,77.6,0.068,83.6,,,,,22.1,192.2
9761,Joe Kelly,BOS,28,99,31,0,232.1,1012,13,4142,156.2,75.2,0.652,96.4,0.144,87.2,,,0.125,81.9,0.08,85.1,,,,,25.4,65.2
4026,Hector Santiago,- - -,28,81,79,0,433,1872,4,7570,427.4,4.2,0.616,90.8,0.056,80.8,0.064,86.4,0.064,75.2,0.2,82.8,0.001,75.3,,,21.8,102
10123,Kyle Gibson,MIN,28,86,86,2,500,2167,20,8313,499.3,,0.574,91.6,0.193,84.3,,,0.06,79.6,0.174,83.5,,,,,23.7,196.2
8223,Brett Anderson,- - -,28,48,47,1,247,1063,8,3825,244.2,2.1,0.528,90.7,0.243,82.1,,,0.123,75.8,0.106,83.4,,,,,19.7,80.1
10603,Chris Sale,- - -,28,91,91,7,599,2375,9,9384,598.3,,0.531,93.8,0.304,79.4,,,0,75,0.164,86.4,,,,,20.4,147.1
10131,Stephen Strasburg,WSN,28,74,74,1,453,1843,10,7288,452.3,,0.536,95.1,0.107,89.1,,,0.184,82,0.173,88.5,,,,,23.8,209
11828,James Paxton,SEA,28,72,72,2,417.1,1708,28,6821,417.1,,0.64,95.8,,,0.134,89.3,0.192,81,0.034,87.6,,,,,20,150.2
11423,Jose Quintana,- - -,28,96,96,1,571,2366,21,9366,570.3,,0.658,91.9,,,0.001,91.2,0.26,77,0.081,86.2,,,,,22.8,171
11426,Drew Pomeranz,- - -,28,89,73,0,418.1,1787,20,7368,393.4,23.3,0.516,90.6,,,0.09,86.1,0.382,79.1,0.012,81.7,,,,,22.9,104
15764,Masahiro Tanaka,NYY,28,88,88,2,534,2192,17,8143,533.3,,0.286,91.4,0.298,84,0.077,89.1,0.052,76.4,0.004,84.8,0.283,87.1,,,25.1,182
10310,Zack Wheeler,NYM,28,46,46,0,268.2,1130,3,4444,268.2,,0.595,95.4,0.196,89.8,,,0.116,79,0.043,87.9,0.051,89.6,,,21.2,195.1
2717,Rick Porcello,BOS,28,99,99,6,617.2,2583,11,9889,617.2,,0.573,90.6,0.176,85.6,,,0.144,74.4,0.107,80.7,,,,,22.1,174.1
3542,Danny Duffy,KCR,28,94,78,1,481,2032,20,7769,462.3,18,0.545,93.7,0.227,83.3,,,0.035,76,0.193,84.1,,,,,22.3,130.2
6345,Chris Archer,- - -,28,94,94,0,550.2,2340,32,9320,550.2,,0.477,94.8,0.421,88.4,,,0.004,82.1,0.097,86.8,,,,,23.3,119.2
5372,Michael Pineda,NYY,28,49,49,0,272,1166,12,4570,271.3,,0.505,94,0.4,85.4,,,,,0.095,88.6,,,,,24.1,146
10587,Chad Bettis,COL,28,68,61,1,352.2,1532,10,5717,341.1,11.1,0.503,91.2,,,0.184,85.9,0.118,75,0.195,85.9,,,,,20.5,63.2
11713,Matt Harvey,- - -,28,68,63,0,340.1,1496,12,5735,329.4,10,0.594,94.1,0.221,88.6,,,0.071,82,0.113,86.7,,,,,21.7,59.2
4153,Jake Arrieta,CHC,29,89,89,6,583,2279,30,8978,582.3,,0.55,94,0.002,87.6,0.25,89.8,0.149,80.2,0.049,88.3,,,,,23.6,168.1
6893,Johnny Cueto,- - -,29,98,98,11,675.1,2708,4,10226,673.7,,0.493,92.4,0.088,84.5,0.221,87.6,0.038,80.9,0.16,83.2,,,,,21.2,147.1
2429,Corey Kluber,CLE,29,98,98,10,672.2,2697,14,9962,672.2,,0.52,92.8,,,0.267,88.8,0.17,82.9,0.044,85,,,,,23.8,203.2
4772,Felix Hernandez,SEA,29,90,90,2,591,2393,34,8927,590.3,,0.443,91.7,0.07,84.5,,,0.192,79.9,0.296,88.4,,,,,22.9,86.2
3184,David Price,- - -,29,101,101,8,698.2,2848,10,10713,697.5,,0.531,93.4,,,0.167,88.3,0.085,79.3,0.217,84.8,,,,,26,74.2
4505,Jordan Zimmermann,- - -,29,84,83,3,506.2,2081,9,7734,502.5,3,0.633,93.1,0.226,87.4,,,0.121,80.1,0.02,86.8,,,,,20.6,160
8173,Yovani Gallardo,- - -,29,88,88,0,494.2,2136,24,8549,494.2,,0.55,90.6,0.269,87,,,0.146,78.5,0.035,84.2,,,,,23.3,130.2
7448,Gio Gonzalez,WSN,29,90,90,0,511.2,2176,13,8686,510.5,,0.65,91.6,,,,,0.184,77.6,0.166,83.5,,,,,20.9,201
6570,Tom Koehler,MIA,29,97,96,0,555.1,2377,15,9006,551.4,3,0.549,92.3,0.176,85.6,,,0.222,78.9,0.052,84.8,,,,,21.7,72.2
7450,Phil Hughes,MIN,29,71,68,3,424,1765,2,6208,418.4,4.2,0.604,91.4,,,0.213,88.1,0.161,76.5,0.022,84.4,,,,,22.5,53.2
8362,Homer Bailey,CIN,29,31,31,1,180,766,6,2907,179.3,,0.575,93.8,0.227,87.2,,,0.075,79.3,,,0.123,85.8,,,22.9,91
2520,Lance Lynn,STL,29,64,64,0,361.2,1527,4,6204,361.2,,0.832,91.8,0.099,86.9,,,0.047,78.2,0.022,84,,,,,22.5,156.2
6632,Carlos Carrasco,CLE,29,87,87,5,530,2127,19,8082,529.3,,0.521,94.2,0.196,87,,,0.126,83.2,0.156,88.6,,,,,24.6,192
18498,Kenta Maeda,LAD,29,61,57,0,310,1273,10,5111,301.3,8,0.432,90.7,0.271,82.4,0.036,87.5,0.163,73.5,0.098,82.9,,,,,24.4,125.1
8753,Tanner Roark,WSN,29,106,75,0,502.1,2098,9,8371,447.4,53.3,0.612,92.3,0.155,85.6,,,0.133,76.4,0.101,83.6,,,,,22,180.1
8137,Jaime Garcia,- - -,29,79,77,1,458.1,1924,20,6865,450.7,6,0.613,90.5,0.049,82.3,0.111,82.2,0.049,73.1,0.177,82.7,,,,,23.8,82
7531,Collin McHugh,HOU,29,77,77,1,451.2,1926,18,7480,450.5,,0.37,90.3,0.192,86,0.137,86.7,0.258,72.8,0.042,83.1,,,,,23.4,72.1
9895,Chris Rusin,COL,29,113,29,2,301,1284,10,4615,164,136.3,0.439,90,0.056,82.4,0.265,87.1,0.034,78.3,0.206,82.7,,,,,23.5,54.2
6562,Alex Cobb,TBR,29,34,34,0,201.1,846,8,3235,201.1,,0.511,91.5,,,,,0.327,80.6,0.162,85.5,,,,,24.5,152.1
8782,Andrew Cashner,- - -,29,87,86,0,483.1,2096,16,8115,481.6,0.1,0.66,94,0.176,86.8,,,0.061,81.4,0.103,85.4,,,,,21.9,153
7872,Tyson Ross,- - -,29,46,44,1,250.1,1088,19,4291,247.1,3,0.53,92.5,0.398,86,0.068,90,,,0.004,87.5,,,,,22,149.2
1994,Ivan Nova,- - -,29,80,74,5,443,1882,23,6516,428.3,14,0.662,92.8,,,0.01,86.7,0.261,80.2,0.066,86.4,,,,,23.6,161
4371,Jeremy Hellickson,- - -,29,89,89,1,499,2103,15,8021,498.3,,0.507,90.1,,,0.073,86.3,0.16,76.8,0.26,80.7,,,,,25.4,91.1
8779,Wade Miley,- - -,29,94,94,2,517,2270,19,8980,516.3,,0.539,90.7,0.158,84.2,0.044,88.6,0.1,76.9,0.158,82.8,,,,,19.3,80.2
4141,Derek Holland,- - -,29,61,56,1,301,1332,10,5197,296.5,3.1,0.58,91.6,0.145,81.3,,,0.177,77.6,0.098,83.4,,,,,22.2,171.1
2036,Clayton Kershaw,LAD,29,74,74,4,485.1,1873,19,6947,485.1,,0.46,92.3,0.37,88.2,,,0.163,73.2,0.007,85.9,,,,,22.6,178.1
10954,Jacob deGrom,NYM,29,87,87,3,566.1,2266,13,8733,566.1,,0.553,95,0.22,89.9,,,0.093,81.4,0.134,87.8,,,,,21.8,204
9803,Miles Mikolas,STL,29,32,32,1,200.2,808,2,3004,200.2,,0.485,93.9,0.258,88.1,,,0.214,78.5,0.03,88.2,0.013,89.2,,,20.8,184
5401,Brad Peacock,HOU,29,105,27,0,228.2,945,13,3896,136.6,90.2,0.525,92.3,0.374,81.5,,,0.065,77.3,0.036,81.1,,,,,22.3,91.2
6895,Chase Anderson,MIL,29,86,85,0,451,1860,5,7495,448.3,2,0.543,92.1,,,0.094,88.9,0.165,77.2,0.198,82.3,,,,,22.5,139
9434,Dallas Keuchel,HOU,29,83,83,3,518.1,2159,19,8174,517.4,,0.535,88.9,0.21,78.4,0.137,86.2,,,0.117,79.3,,,,,21.8,112.2
18498,Kenta Maeda,LAD,29,100,77,0,435.1,1805,12,7162,408.5,25.2,0.435,91,0.272,82.9,0.03,87.3,0.149,74.3,0.113,83.5,,,,,24.6,153.2
6249,Trevor Cahill,- - -,29,92,35,0,259.2,1115,27,4476,183,76.2,0.467,91.6,0.103,87.2,0.003,89.2,0.186,79.7,0.241,83.8,,,,,20.9,102.1
2608,Jhoulys Chacin,- - -,29,101,89,1,517,2193,20,8334,486.7,28.2,0.516,90.8,0.342,80.2,0.022,87.6,0.052,77.4,0.051,83.6,0.016,86.3,,,22,103.1
10130,Mike Leake,- - -,29,92,92,0,548.1,2323,12,8236,547.4,,0.442,89.9,0.116,80.7,0.243,88.6,0.075,78.4,0.124,84.1,,,,,20.2,197
10123,Kyle Gibson,MIN,29,86,86,1,502,2172,21,8321,501.3,,0.573,92.1,0.201,84.5,,,0.086,80,0.14,83.9,,,,,23.5,160
8223,Brett Anderson,- - -,29,34,33,0,147,646,7,2312,144.2,2.1,0.515,90.5,0.228,82.2,,,0.096,75.8,0.16,83.5,,,,,19.1,176
3137,Max Scherzer,- - -,30,100,100,6,677.1,2705,22,10560,676.4,,0.566,93.8,0.181,85.9,0.01,89,0.088,78.2,0.155,84.5,,,,,22.6,200.2
7754,Mike Fiers,- - -,30,76,70,1,420.2,1759,26,6935,403.5,16,0.519,89.5,0.039,81.3,0.108,86,0.174,73.1,0.161,82.7,,,,,24.5,153.1
6986,Ian Kennedy,- - -,30,96,96,0,565,2377,20,9691,564.3,,0.636,91.8,,,0.08,85.3,0.151,77.3,0.133,83.6,,,,,23,154
3254,Jeff Samardzija,- - -,30,97,97,5,637,2618,17,9868,636.3,,0.474,94.3,0.202,85.7,0.186,92.4,0.023,80,,,0.115,85.3,,,23.4,207.2
9388,Josh Tomlin,CLE,30,65,55,3,343.2,1422,11,5276,331.3,11.2,0.437,88.3,,,0.344,85.3,0.146,75.4,0.073,82.7,,,,,22.1,141
9492,Bud Norris,- - -,30,101,58,0,361.1,1559,12,6210,311.4,47.6,0.595,93.5,0.281,85.5,0.06,88.3,0,80.5,0.063,85.6,,,,,23.5,62
4732,Matt Cain,SFG,30,49,43,0,240.1,1042,8,4001,230.5,8.2,0.511,90.9,0.225,85.4,,,0.125,77,0.138,85,,,,,22.4,124.1
4153,Jake Arrieta,CHC,30,94,94,5,594.2,2372,36,9305,594.2,,0.596,93.5,,,0.209,89.5,0.14,80.1,0.056,88.1,,,,,23.3,172.2
2429,Corey Kluber,CLE,30,93,93,12,640.2,2523,15,9407,640.2,,0.488,92.6,,,0.253,88.9,0.207,83.7,0.052,85.4,,,,,23.4,215
3184,David Price,- - -,30,83,78,5,525,2156,10,8236,516.1,8.2,0.522,93.7,,,0.183,88.8,0.08,79.3,0.215,84.9,,,,,26.1,176
6893,Johnny Cueto,- - -,30,89,89,7,579,2395,7,9100,577.6,,0.506,91.8,0.079,84.1,0.211,86.6,0.031,81,0.173,82.5,,,,,21.5,53
7448,Gio Gonzalez,WSN,30,95,95,0,554,2350,18,9427,553.3,,0.62,90.9,,,,,0.211,76.5,0.169,83.6,,,,,21.1,171
4772,Felix Hernandez,SEA,30,72,72,2,441.2,1849,24,6875,440.5,,0.448,91.1,0.066,84.6,,,0.211,79.8,0.275,87.5,,,,,23.4,155.2
13071,Wei-Yin Chen,- - -,30,62,58,0,347.2,1444,5,5421,341.2,6,0.628,91.1,0.164,83.7,,,0.097,73.9,0.111,83.1,,,,,21.7,133.1
14444,Hyun-Jin Ryu,LAD,30,26,25,0,131.1,565,4,2217,126.4,4,0.376,90.2,0.045,78.6,0.173,86.6,0.155,71.5,0.251,80.9,,,,,23.2,82.1
8173,Yovani Gallardo,- - -,30,84,78,0,433,1897,23,7624,416.3,16,0.533,90.7,0.266,87.4,,,0.136,79,0.065,85,,,,,23.5,94.1
4505,Jordan Zimmermann,- - -,30,81,80,0,467,1994,8,7454,463.3,3,0.573,92.5,0.249,87.3,,,0.149,80.6,0.029,86.5,,,,,21.6,131.1
8362,Homer Bailey,CIN,30,26,26,0,125.1,582,5,2204,125.1,,0.561,93.2,0.211,87.3,,,0.051,78,,,0.178,85.6,,,23.6,106.1
14444,Hyun-Jin Ryu,LAD,30,41,40,0,213.2,889,4,3455,208.5,4,0.374,90.2,0.032,78.7,0.201,86.9,0.166,72.4,0.228,81,,,,,22.8,182.2
6632,Carlos Carrasco,CLE,30,89,87,4,538.1,2181,23,8275,532.3,5.1,0.483,93.9,0.213,85.4,,,0.141,82.7,0.164,88.5,,,,,24.2,80
10021,Mike Minor,- - -,30,93,28,0,234.2,947,8,3744,157,77.2,0.481,93.3,0.256,87.9,,,0.099,81,0.165,86,,,,,21.4,208.1
7531,Collin McHugh,HOU,30,103,45,1,320.1,1350,13,5443,247.3,72.1,0.418,90.7,0.087,79.9,0.207,86.8,0.255,73.2,0.034,83.8,,,,,23,74.2
13074,Yu Darvish,- - -,30,56,56,0,327,1362,20,5373,326.3,,0.544,93.9,0.226,82.7,0.132,88.9,0.07,73.5,0.02,87.8,0.007,89.7,,,25.1,178.2
8753,Tanner Roark,WSN,30,97,93,0,571.2,2391,14,9529,562.3,8.2,0.595,91.9,0.146,85.4,0.007,89.3,0.139,75.9,0.113,83.6,,,,,21.9,165.1
1994,Ivan Nova,- - -,30,92,86,5,510,2152,27,7516,495.3,14,0.667,92.8,,,0.009,86.7,0.237,80.4,0.087,86.4,,,,,22.6,187
8782,Andrew Cashner,- - -,30,84,83,0,451.2,1973,19,7655,450.4,0.1,0.635,93.1,0.154,87,,,0.097,81.3,0.115,84.5,,,,,21.4,150
4141,Derek Holland,- - -,30,87,76,0,413.2,1814,11,7196,399.5,12.3,0.574,91.4,0.144,81.1,,,0.192,78.3,0.09,83,,,,,22.2,84.1
8779,Wade Miley,- - -,30,78,78,1,404,1777,10,7077,403.3,,0.464,90.7,0.14,84,0.126,88,0.123,76.6,0.146,82.6,,,,,19.1,167.1
7608,Tommy Milone,- - -,30,41,24,0,144,650,3,2507,116.2,27.1,0.434,87.6,0.038,79.3,0.128,86.9,0.11,74.7,0.29,80.8,,,,,21.6,111.2
4930,Jon Lester,- - -,31,96,96,4,627.1,2509,15,9839,626.4,,0.538,92,,,0.27,88.2,0.148,75,0.044,84.9,,,,,22.6,180.2
1943,Zack Greinke,- - -,31,90,90,2,583.2,2331,20,8952,582.5,,0.511,91.7,0.197,85.7,,,0.099,73.2,0.193,87.9,,,,,24.3,202.1
5702,Junior Guerra,- - -,31,23,20,0,125.2,510,8,1932,121.2,4,0.612,93.1,0.151,82,,,,,,,0.237,84.9,,,23.6,70.1
4972,Cole Hamels,- - -,31,94,94,2,617.2,2557,19,9732,615.8,,0.482,92.5,,,0.18,89,0.121,78.7,0.217,84.3,,,,,21.8,148
1118,Marco Estrada,- - -,31,102,75,0,507.2,2072,9,8290,453.1,53.4,0.528,88.8,,,0.07,86.6,0.114,76.9,0.288,77.9,,,,,21.6,186
9425,Doug Fister,- - -,31,82,72,1,447.1,1890,16,7122,430.1,17,0.66,87.1,0.128,83.1,0,85,0.108,71.2,0.104,79.1,,,,,19.4,90.1
3201,Francisco Liriano,- - -,31,91,89,0,512,2195,31,8490,508.6,2,0.469,92.6,0.314,85.2,,,,,0.216,85.1,,,,,21.5,97
7024,Miguel Gonzalez,- - -,31,77,75,1,438.2,1859,11,7091,434.4,3.1,0.548,91.1,0.177,85.4,,,0.112,76.7,,,0.164,84.1,,,23.8,156
5448,Jesse Chavez,- - -,31,124,47,0,370,1575,11,6095,275.3,92.6,0.328,91.6,0.027,82.8,0.381,89.8,0.105,76.6,0.159,84.5,,,,,20.9,138
3990,Edinson Volquez,- - -,31,100,98,2,582.1,2512,23,9507,577.4,4,0.53,93.4,,,,,0.249,80.1,0.221,84.2,,,,,24.9,92.1
4676,Charlie Morton,- - -,31,53,53,0,303.2,1300,11,4775,303.2,,0.667,91.6,,,0.006,89.9,0.245,78.5,0.082,84.5,,,,,20.7,146.2
4662,Brandon McCarthy,- - -,31,46,45,1,263,1101,6,4112,262.3,0,0.615,92.8,,,0.134,91,0.245,81.1,0.006,87.1,,,,,21.4,92.2
3340,Matt Garza,MIL,31,72,71,1,413.2,1807,13,6648,407.5,5,0.677,92.5,0.186,84.2,,,0.112,74.4,0.025,85.1,,,,,25,114.2
3374,Ubaldo Jimenez,BAL,31,86,79,1,451.2,1982,15,7858,436,15.2,0.591,90.4,0.169,82.7,,,0.052,75.5,0.037,82,0.151,84.2,,,20.6,142.2
3284,Anibal Sanchez,DET,31,82,72,1,436.1,1842,17,7206,420.2,15.2,0.523,91.6,0.172,85.7,0.034,89.4,0.086,78,0.186,84.2,,,,,22.3,105.1
5203,Mike Pelfrey,- - -,31,59,57,0,307.1,1374,9,5174,299.6,6.1,0.724,92.8,0.091,83.9,,,0.039,73,,,0.145,81.2,,,24.9,120
1841,Edwin Jackson,- - -,31,96,40,0,280.1,1234,20,4769,212.3,66.4,0.548,92.7,0.287,86.1,0.055,89.7,0.073,78.4,0.038,86.4,,,,,24.7,76
3137,Max Scherzer,WSN,31,98,98,7,657.2,2581,16,10033,656.5,,0.546,94.2,0.231,86.2,0.01,89,0.081,78.3,0.131,85,,,,,22.8,220.2
5702,Junior Guerra,- - -,31,44,34,0,196,824,13,3170,185.2,10.1,0.626,92.6,0.156,81.8,,,,,,,0.218,84.6,,,23.9,141
8185,Steven Wright,BOS,31,45,38,4,253.1,1080,13,4057,232.3,20.1,0.133,83.3,,,,,0.021,66.2,,,,,0.845,73.2,20.8,53.2
3543,Clay Buchholz,- - -,31,57,41,1,260,1097,4,4086,236.4,22.2,0.419,92,,,0.231,88.3,0.173,77.9,0.171,80.4,0.006,85.7,,,26,98.1
9388,Josh Tomlin,CLE,31,66,65,3,380.2,1561,6,5649,379.2,1,0.397,87.9,,,0.357,85.3,0.18,74.8,0.066,83.1,,,,,21.5,70.1
6986,Ian Kennedy,- - -,31,93,93,0,518,2186,13,8930,517.3,,0.636,91.8,,,0.093,85.7,0.148,77.4,0.123,83.9,,,,,23.3,119.2
7754,Mike Fiers,- - -,31,91,88,1,502.1,2156,36,8443,491.4,10,0.492,89.5,0.048,81.5,0.103,86.3,0.18,73.4,0.177,82.7,,,,,24.2,172
9492,Bud Norris,- - -,31,133,33,0,258,1139,15,4567,154.4,100.8,0.554,93.7,0.274,85,0.14,89,,,0.032,85.4,,,,,24.7,57.2
4153,Jake Arrieta,- - -,31,92,92,1,538.1,2226,41,8627,537.4,,0.618,93,,,0.185,89,0.122,79.9,0.075,87.9,,,,,22.8,135.2
3184,David Price,BOS,31,81,76,3,480.2,1990,7,7564,472,8.2,0.497,93.1,,,0.229,88.5,0.062,79.1,0.212,84.9,,,,,25.6,107.1
7448,Gio Gonzalez,- - -,31,96,96,0,549.1,2338,19,9502,548.4,,0.591,90.2,,,,,0.219,75.8,0.19,83.2,,,,,20.5,87.1
2520,Lance Lynn,- - -,31,64,62,0,343,1476,7,6093,335.2,7.1,0.794,92.4,0.115,87.3,,,0.068,79.6,0.023,84.6,,,,,23.1,208.1
4772,Felix Hernandez,SEA,31,70,69,0,395.2,1708,25,6400,389.3,5.2,0.445,90,0.061,83.9,0.001,86.1,0.233,79.2,0.26,86.2,,,,,22.4,71.2
13071,Wei-Yin Chen,MIA,31,57,53,0,289.2,1224,6,4635,283.2,6,0.588,90.9,0.185,84.7,,,0.109,74,0.119,83.2,,,,,21.5,68.1
4505,Jordan Zimmermann,DET,31,73,72,0,396.2,1719,7,6427,393.2,3,0.508,91.8,0.29,87,,,0.151,80.5,0.042,86.4,0.008,87.6,,,22,112
8362,Homer Bailey,CIN,31,44,44,1,220.1,1025,7,3822,220.1,,0.56,93.2,0.19,87.4,0.007,90,0.075,78.9,,,0.169,85.8,,,23.9,163.1
7410,J.A. Happ,- - -,32,94,89,0,525,2186,10,8582,518.3,6,0.708,92,0.11,84.5,,,0.098,78.2,0.084,84.8,,,,,22,145.1
8700,Justin Verlander,DET,32,86,86,3,567,2331,13,9227,566.3,,0.57,92.9,0.167,86.7,,,0.159,79,0.104,84.2,,,,,24.6,206
4538,Jason Hammel,- - -,32,91,90,0,513.2,2117,25,8170,508.8,3,0.548,92.2,0.343,84,,,0.073,76.6,0.036,85,,,,,21.7,180.1
8044,Jason Vargas,KCR,32,42,42,1,242,1020,1,3899,242,,0.569,87.3,,,,,0.126,74.5,0.304,80.5,,,,,20.9,179.2
3200,Ervin Santana,- - -,32,78,78,2,485.1,2022,23,7596,485.1,,0.526,92.5,0.346,83.5,,,0.003,77.5,0.126,84.8,,,,,20.8,211.1
6283,Scott Feldman,- - -,32,87,52,2,365.2,1554,14,6051,312.4,52.1,0.317,89.6,,,0.382,87.9,0.26,75,,,0.041,84.4,,,23.4,111.1
3830,Ricky Nolasco,- - -,32,68,67,2,394,1685,13,6433,391.3,2,0.491,90.3,0.297,81.3,,,0.127,73.4,,,0.085,79.6,,,22.7,181
1943,Zack Greinke,- - -,32,90,90,3,583.2,2311,20,8905,582.5,,0.491,91.4,0.208,85.4,,,0.11,74.1,0.191,87.9,,,,,24.5,207.2
4930,Jon Lester,CHC,32,96,96,4,588.1,2387,15,9477,587.4,,0.541,91.8,,,0.257,88.2,0.137,75.1,0.065,84.8,,,,,22.7,181.2
4972,Cole Hamels,- - -,32,88,88,3,561,2342,19,8908,559.6,,0.468,92.4,,,0.188,89,0.132,78.9,0.212,84,,,,,21.9,190.2
1118,Marco Estrada,TOR,32,96,90,0,543,2254,8,9002,532.1,10.2,0.521,89.2,,,0.089,86.6,0.095,77,0.296,77.7,,,,,21.9,143.2
4676,Charlie Morton,- - -,32,52,52,0,293,1251,7,4658,292.3,,0.598,93.5,,,0.064,88.1,0.262,79.9,0.076,85.4,,,,,22,167
3551,Clayton Richard,- - -,32,91,44,2,307.1,1345,14,4746,267.2,39.2,0.714,90.8,0.161,81.3,0.016,86,,,0.109,83.9,,,,,20.7,158.2
3201,Francisco Liriano,- - -,32,100,78,0,446.2,1943,24,7518,428.7,16.1,0.491,92.7,0.317,85.2,,,,,0.192,85,,,,,21.7,133.2
4662,Brandon McCarthy,LAD,32,33,29,0,155.2,649,6,2515,149.2,6,0.513,92.9,0.007,86.2,0.226,91.3,0.236,80.3,0.017,88.5,,,,,21.9,78.2
9425,Doug Fister,- - -,32,75,62,1,373.2,1620,13,6185,350.1,23.1,0.653,87.4,0.13,83.2,0,85,0.131,71.5,0.086,79.7,,,,,19.6,66
5448,Jesse Chavez,- - -,32,130,47,0,362,1540,5,6007,263.2,96.7,0.34,91.9,0.09,83.8,0.34,90.5,0.082,77.3,0.149,84.8,,,,,21.5,95.1
1841,Edwin Jackson,- - -,32,84,26,0,215.2,940,14,3579,144.1,70.4,0.492,93,0.282,86.6,0.118,90.3,0.07,78.2,0.039,87.4,,,,,24.8,92
3284,Anibal Sanchez,DET,32,88,68,1,415.2,1810,17,6964,379.3,35.2,0.529,91.3,0.139,85,0.058,89.2,0.091,77.4,0.184,83.3,,,,,22.3,136.2
3137,Max Scherzer,WSN,32,98,98,5,649.2,2548,10,10167,648.5,,0.516,94.3,0.223,85.9,0.042,88.7,0.08,77.9,0.14,84.6,,,,,23.2,172.1
5702,Junior Guerra,MIL,32,72,60,0,333,1417,23,5410,320.2,12.1,0.654,92.9,0.151,82.5,,,,,,,0.195,85.3,,,24.1,83.2
3543,Clay Buchholz,- - -,32,55,39,1,245,1021,2,3789,221.4,22.2,0.409,91.3,,,0.234,87.5,0.182,77.1,0.168,79.4,0.007,85.7,,,25.6,59
5221,Wade LeBlanc,- - -,32,101,35,0,292,1197,3,4461,192.3,98.3,0.354,86.6,0.014,80.4,0.263,83.9,0.077,73,0.292,78,,,,,21.7,121.1
3254,Jeff Samardzija,SFG,32,74,74,2,455.2,1883,6,7268,454.5,,0.478,94,0.186,87.3,0.144,92.3,0.11,80.1,,,0.083,85.5,,,23.3,181.1
7754,Mike Fiers,- - -,32,91,88,0,494,2109,32,8084,484.5,8.1,0.458,89.6,0.062,82,0.113,86.7,0.18,73.5,0.186,82.8,,,,,23.4,184.2
6986,Ian Kennedy,KCR,32,85,85,0,469.1,1991,12,8079,468.4,,0.628,92,,,0.104,86.4,0.159,77.8,0.11,84.5,,,,,23.1,63.1
9388,Josh Tomlin,CLE,32,88,64,1,385.1,1631,10,5885,356.2,28.2,0.363,87.7,,,0.379,85.6,0.198,74.8,0.061,83.2,,,,,21.2,79.1
2233,Adam Wainwright,STL,33,72,69,6,453.2,1856,5,6836,450.2,3,0.412,90.2,,,0.296,85.8,0.271,74.2,0.021,82.5,,,,,22.8,123.1
7059,James Shields,- - -,33,100,100,2,611,2621,29,10101,610.3,,0.424,91.3,0.005,80.9,0.206,86.4,0.155,78.2,0.211,84.5,,,,,23.2,117
8700,Justin Verlander,- - -,33,87,87,3,567,2287,13,9349,566.3,,0.579,94,0.191,87.7,0.001,91.7,0.159,79.6,0.07,85.5,,,,,25.4,214
7410,J.A. Happ,- - -,33,89,88,0,512.1,2139,13,8359,510.4,1,0.702,91.8,0.129,85.1,,,0.077,78.1,0.092,85.3,,,,,21.9,177.2
8044,Jason Vargas,KCR,33,44,44,1,234.2,986,6,3821,234.2,,0.49,86,,,,,0.189,72.5,0.321,79.8,,,,,19.8,92
4538,Jason Hammel,- - -,33,93,93,0,517.2,2206,26,8403,516.5,,0.517,92.2,0.36,84.8,,,0.088,77.1,0.036,84.9,,,,,23.2,127
4930,Jon Lester,CHC,33,96,96,3,565,2320,11,9413,563.6,,0.532,91.4,,,0.251,88.2,0.138,75,0.078,84.9,,,,,22.2,171.2
4676,Charlie Morton,- - -,33,59,59,0,331,1383,9,5351,330.3,,0.561,95.3,,,0.087,88.2,0.287,80.1,0.065,86.9,,,,,22.4,194.2
1943,Zack Greinke,ARI,33,91,91,2,568.2,2307,17,8878,567.5,,0.484,90.6,0.201,84.3,,,0.125,72.8,0.19,87.2,,,,,24.3,208.2
4972,Cole Hamels,- - -,33,88,88,2,539.1,2268,17,8626,538.4,,0.454,92.2,,,0.218,88.3,0.136,79.1,0.192,83.6,,,,,21.8,141.2
5448,Jesse Chavez,- - -,33,162,21,0,300.1,1245,3,4914,113.1,185.6,0.358,92.6,0.116,84.5,0.339,91.1,0.079,77.9,0.109,85.7,,,,,20.8,78
1841,Edwin Jackson,- - -,33,54,43,0,252,1093,14,4185,236.1,15.2,0.428,92.8,0.243,86.1,0.214,90.7,0.062,78.2,0.054,87.2,,,,,25.3,67.2
3201,Francisco Liriano,- - -,33,96,73,0,393.2,1756,23,6800,373.7,18.1,0.493,92.6,0.318,85.1,,,,,0.189,85.4,,,,,21.2,70
3284,Anibal Sanchez,- - -,33,88,67,0,395.1,1703,16,6562,355.5,38.2,0.486,90.9,0.105,84.1,0.11,88.5,0.093,77.4,0.206,81.9,,,,,21.3,166
404,CC Sabathia,NYY,34,67,67,1,393,1703,9,6411,392.3,,0.464,89.8,0.235,79.8,0.148,88.3,,,0.153,83.6,,,,,25.1,148.2
2047,Jorge De La Rosa,COL,34,85,82,1,467.1,2017,22,7869,459.1,8,0.367,91.4,0.027,85.7,0.225,87.1,0.063,73.3,0.318,82.3,,,,,24.9,51.1
7059,James Shields,- - -,34,87,87,1,501,2198,22,8485,500.3,,0.418,90.5,0.005,80.9,0.203,86,0.19,77.3,0.184,83.8,,,,,23.8,204.2
8700,Justin Verlander,- - -,34,101,101,3,647.2,2585,16,10626,647.2,,0.589,94.6,0.207,87.6,0.002,91.3,0.155,79.6,0.048,86.2,,,,,25.4,223
7410,J.A. Happ,- - -,34,88,88,0,518,2155,11,8571,517.3,,0.725,91.8,0.126,85.5,,,0.048,77.7,0.102,85.7,,,,,21.5,161.1
8044,Jason Vargas,- - -,34,55,55,1,283.2,1207,6,4687,283.2,,0.497,85.9,,,,,0.186,72.5,0.317,79.9,,,,,19.7,149.2
4806,Rich Hill,- - -,35,40,24,1,144.2,574,1,2371,139.1,5.1,0.476,90.2,0.068,77.1,0.001,82,0.427,74.2,0.027,82.9,,,,,21.8,135.2
404,CC Sabathia,NYY,35,86,86,1,495.2,2117,12,7953,494.5,,0.386,90.2,0.258,79.6,0.206,89.1,,,0.15,83.7,,,,,24.6,153
2047,Jorge De La Rosa,- - -,35,118,50,1,334.1,1468,18,5654,275,59.1,0.361,91.4,0.001,86.9,0.21,86.7,0.075,73.4,0.352,82.3,,,,,24.8,56
2233,Adam Wainwright,STL,35,65,64,1,362.1,1574,4,6082,359.4,2,0.429,90,,,0.265,84.9,0.279,73.3,0.027,81.7,,,,,22.8,171.2
1507,John Lackey,- - -,36,93,93,2,604.1,2477,13,9058,603.4,,0.633,91.7,0.235,83.3,,,0.098,78,0.034,83.7,,,,,22.1,170.2
4806,Rich Hill,- - -,36,49,49,2,275,1097,2,4477,274.3,,0.51,89.6,0.058,76.6,0.018,85.1,0.398,74,0.015,83,,,,,21.4,132.2
404,CC Sabathia,NYY,36,86,86,0,481.1,2056,10,7757,480.4,,0.255,90.3,0.287,79.9,0.335,89.1,,,0.122,83.6,,,,,23.6,107.1
4806,Rich Hill,- - -,37,70,69,1,378.2,1538,4,6147,376.5,1,0.538,89.4,0.056,75.6,0.015,85.1,0.383,74.2,0.008,82.8,,,,,20.8,58.2
1245,R.A. Dickey,TOR,40,97,96,3,599.2,2526,19,9519,598.4,0.1,0.118,81.9,,,,,0.001,70.4,0.027,71.6,,,0.854,76.1,18.7,190
375,Bartolo Colon,NYM,42,98,95,1,588.2,2452,2,8570,584.4,3.1,0.853,88.3,0.091,82.1,0.001,87.7,,,0.055,81.3,,,,,22.9,143
375,Bartolo Colon,- - -,43,95,92,2,529.1,2254,1,7845,525.3,3.1,0.855,88,0.075,81.9,0.002,87.3,,,0.068,81.2,,,,,23.2,146.1
10954,Jacob deGrom,NYM,32,102,102,2,645.1,2470,8,9810,645.1,,0.506,97.3,0.305,92,,,0.044,83.3,0.145,90.2,,,,,21.8,64.1
8700,Justin Verlander,HOU,37,97,97,3,618,2367,12,9555,618,,0.542,94.9,0.262,87.2,0.002,91.2,0.166,79.4,0.028,86.9,,,,,24.8,175
19388,Tony Gonsolin,LAD,26,59,51,0,272.2,1076,14,4403,249.4,22.1,0.429,93.8,0.21,87.4,,,0.1,80.7,,,0.261,84.2,,,23.5,130.1
26410,Alek Manoah,TOR,24,51,51,0,308.1,1245,5,4794,307.4,,0.623,93.5,0.273,81.4,,,,,0.104,86.7,,,,,25.4,196.2
14765,Julio Urias,LAD,23,114,81,0,499.1,1997,6,7685,439.3,59.1,0.518,94,0.037,84.9,,,0.277,81,0.167,85.7,,,,,23.4,175
3137,Max Scherzer,- - -,35,125,125,4,785,3112,13,12464,783.6,,0.478,94.5,0.194,85.4,0.093,89.6,0.088,77.3,0.147,84.4,,,,,23.1,145.1
27498,Spencer Strider,ATL,23,33,20,0,134,537,6,2315,107.1,26.2,0.672,98.2,0.281,86.3,,,,,0.047,88.9,,,,,21.9,131.2
2036,Clayton Kershaw,LAD,32,109,108,0,646,2558,24,9572,643.6,1,0.409,90.7,0.423,87.3,,,0.163,73.5,0.005,85.2,,,,,21.9,126.1
21483,Shane McClanahan,TBR,25,53,53,0,289.2,1158,18,4417,289.2,,0.379,96.6,0.24,89.3,,,0.203,82.2,,,0.178,88,,,21,166.1
19374,Walker Buehler,LAD,25,107,106,3,629,2514,18,9809,626.6,1,0.553,96.1,0.135,85.9,0.145,92,0.134,80.3,0.034,90.9,,,,,21.3,65
19755,Shohei Ohtani,LAA,25,63,63,0,349.2,1420,30,5589,348.5,,0.385,96.4,0.304,84,0.086,88.8,0.067,76.7,,,0.158,88.4,,,26.2,166
13125,Gerrit Cole,- - -,29,140,140,5,867.2,3423,22,14065,866.5,,0.527,97.2,0.222,88.8,0.014,92.2,0.154,82.9,0.082,89.2,,,,,22.2,200.2
25385,Drew Rasmussen,- - -,25,75,38,0,237.1,962,14,3743,188,49.1,0.499,96.4,0.252,85.4,0.195,90.3,0.043,80.2,0.011,90.3,,,,,24,146
17606,Cristian Javier,HOU,24,78,44,0,304.1,1223,15,5235,233.4,69.3,0.603,93.5,0.271,80.1,,,0.073,76.3,0.053,86,,,,,23.7,148.2
13743,Max Fried,ATL,26,116,104,3,606.1,2468,30,9516,587.6,17.1,0.516,93.7,0.178,85.2,,,0.241,74.5,0.066,85.7,,,,,23.8,185.1
16162,Brandon Woodruff,MIL,27,111,96,1,570.1,2290,7,9288,541.8,26.2,0.62,96.2,0.133,87.7,,,0.098,83.7,0.15,86.4,,,,,24.4,153.1
19291,Zac Gallen,- - -,24,81,81,1,457.1,1862,18,7541,456.4,,0.49,93.6,0.056,87.1,0.115,88.9,0.18,80.8,0.16,85.8,,,,,23.6,184
18684,Sandy Alcantara,MIA,24,110,110,9,707.2,2879,14,10663,706.5,,0.532,96.9,0.228,88.6,,,0.037,82.1,0.203,91.2,,,,,20.9,228.2
17277,Ranger Suarez,PHI,24,112,44,1,329,1380,6,5260,232.3,95.3,0.604,92.8,0.085,84.1,0.043,89.9,0.039,76.6,0.229,84.9,,,,,21.5,155.1
19427,Shane Bieber,CLE,25,113,111,4,703,2837,26,10809,695.4,6.2,0.422,92.8,0.245,84.9,0.068,87.6,0.212,82.5,0.052,87.7,,,,,21.2,200
15890,Luis Severino,NYY,26,58,54,1,311.1,1255,9,5108,305.1,6,0.502,97.1,0.303,87.3,0.028,90.3,,,0.167,88.4,,,,,20.8,102
10310,Zack Wheeler,- - -,30,129,129,3,815,3316,14,12683,814.3,,0.599,96.5,0.196,91,0.024,91.5,0.106,80.7,0.044,89,0.031,89.7,,,22.4,153
19361,Corbin Burnes,MIL,25,135,74,0,515.2,2081,24,8352,433.2,81.3,0.207,95.8,0.136,87.7,0.417,95,0.153,81.4,0.082,90.2,0.004,90.7,,,25.4,202
12808,Mike Clevinger,- - -,29,84,83,2,482,1956,9,7935,479.3,2,0.512,94.2,0.231,80.2,0.041,86.9,0.098,76.6,0.117,87.2,,,,,21.8,114.1
13543,Blake Snell,- - -,27,116,116,0,594.1,2429,44,10369,593.4,,0.519,95.6,0.16,87.7,,,0.178,80.9,0.142,87.4,,,,,23.8,128
12304,Chris Bassitt,- - -,31,107,100,1,593.2,2459,17,9450,576.5,16,0.55,93,0.128,82.1,0.13,88.5,0.113,71.1,0.079,85,,,,,24.1,181.2
16137,Carlos Rodon,- - -,27,86,84,2,473.2,1948,27,7999,469.8,2,0.592,94.6,0.293,85.3,,,0.027,79.3,0.089,85,,,,,22.7,178
17295,Framber Valdez,HOU,26,98,76,4,514.1,2170,35,7965,458.7,53.3,0.571,93.1,,,0.04,83,0.305,79.1,0.084,88.2,,,,,22.5,201.1
25436,George Kirby,SEA,24,25,25,0,130,542,4,2092,130,,0.576,95.2,0.209,87.2,,,0.135,80.9,0.08,86.1,,,,,23,130
9803,Miles Mikolas,STL,31,106,105,3,631.2,2563,9,9732,627.5,3,0.498,93.6,0.25,87.6,,,0.21,77.5,0.031,85.5,0.01,89,0,75,20.8,202.1
16149,Aaron Nola,PHI,27,143,143,5,871.2,3528,10,13702,870.5,,0.495,92.6,,,0.018,86.8,0.298,78.6,0.189,85.4,,,,,25.3,205
17995,Logan Webb,SFG,24,80,77,0,434.2,1803,15,6894,426.6,6.2,0.433,92.5,0.277,82.4,0.016,91.3,,,0.274,86,,,,,21.3,192.1
1943,Zack Greinke,- - -,36,134,133,1,791.1,3204,19,12234,787.6,2.1,0.46,89.3,0.154,83.6,0.018,85.8,0.16,70.9,0.208,86.7,,,,,23.2,137
4676,Charlie Morton,- - -,36,136,136,0,757.1,3139,19,12377,756.4,,0.504,95,,,0.087,87.1,0.353,80,0.056,86.7,,,,,21.8,172
17312,Justin Steele,CHC,25,44,33,0,176,760,4,2996,162.2,13.1,0.649,92.5,0.247,82.5,,,0.085,79.1,0.02,87.7,,,,,21.8,119
19312,Cal Quantrill,- - -,25,113,75,0,471,1964,9,7563,408.5,59.7,0.514,94.2,0.309,87.9,,,0.039,81.5,0.138,85.1,,,,,22.1,186.1
13942,Brent Suter,MIL,30,160,23,0,291.1,1203,2,4678,109.3,179.7,0.73,86.8,0.056,79.2,,,0.063,74.2,0.151,79.8,,,,,17.8,66.2
18525,Dylan Cease,CHW,25,90,90,2,481,2036,25,8526,480.3,,0.455,96.8,0.335,86.4,,,0.145,80.2,0.065,80.4,,,,,23,184
17677,Jeffrey Springs,- - -,27,135,27,0,264.2,1123,9,4532,130,133.5,0.467,91.9,0.226,84.2,,,0,75.5,0.307,81.3,,,,,24.1,135.1
23735,Luis Garcia,HOU,24,63,57,0,325,1325,18,5173,311.2,13.1,0.439,93.7,0.107,79.9,0.251,85.7,0.097,76.6,0.105,84,,,,,26.2,157.1
17874,Nestor Cortes,- - -,25,92,44,1,330.1,1357,4,5563,233.4,94.6,0.483,90.8,0.241,81,0.132,86.9,0.066,77.1,0.078,82.7,,,,,20.4,158.1
19206,Dakota Hudson,STL,25,96,67,0,389.1,1656,12,6254,354.2,33.5,0.587,93.1,0.248,87.7,0.02,91.4,0.115,81.3,0.029,87.2,,,,,23.4,139.2
13074,Yu Darvish,- - -,33,111,111,0,655.2,2660,29,10481,654.5,,0.337,94.6,0.176,82.4,0.337,86.8,0.08,76.4,0.01,88.1,0.06,89.7,,,26.6,194.2
12970,Joe Musgrove,- - -,27,121,119,2,687.2,2858,15,10731,679.5,7,0.379,92.8,0.239,83.5,0.144,89.9,0.154,81.8,0.084,86,,,,,24.3,181
13431,Marcus Stroman,- - -,29,109,109,0,604.1,2522,19,9676,602.7,,0.446,92.2,0.159,85.6,0.169,90.7,0.132,84.5,0.094,86.2,,,,,22.6,138.2
2233,Adam Wainwright,STL,38,113,113,6,675.2,2819,12,10739,673.8,,0.377,89.2,,,0.23,84.7,0.347,73.7,0.044,82.4,0.002,85.4,,,22.1,191.2
21390,Joe Ryan,MIN,26,32,32,0,173.2,704,3,2803,173.2,,0.609,92,0.2,81.9,,,0.072,74.6,0.119,84.5,,,,,21.9,147
17282,Michael Kopech,CHW,25,73,33,0,203,847,6,3421,147.2,55.1,0.627,95.8,0.255,84.4,,,0.095,78.9,0.023,88.1,,,,,24.5,119.1
15689,Luis Castillo,- - -,27,133,133,1,768.1,3199,11,12759,766.7,,0.538,96.7,0.178,85.8,,,,,0.284,87.6,,,,,20.6,150.1
26378,Nick Lodolo,CIN,24,19,19,0,103.1,441,6,1779,103.1,,0.588,94.2,0.306,81.5,0.001,92,,,0.106,88.3,,,,,22.5,103.1
18000,Triston McKenzie,CLE,23,64,60,0,344.2,1363,10,5332,333.3,10.2,0.578,92.4,0.207,86.9,,,0.2,79.5,0.016,86.6,,,,,21.6,191.1
4806,Rich Hill,- - -,40,104,102,0,513,2132,6,8175,506.9,4,0.494,88.7,0.062,70.1,0.045,84,0.383,72.9,0.002,83.3,0.014,81.1,,,20.6,124.1
19447,Patrick Sandoval,LAA,23,63,56,1,311.2,1329,15,5211,286.6,23.2,0.409,93.2,0.225,86,,,0.1,78.5,0.266,84.1,,,,,24.6,148.2
14309,Frankie Montas,- - -,27,99,97,0,545.1,2300,30,8749,542.6,1.1,0.58,96.1,0.227,88,,,,,0.003,87.7,0.19,86.9,,,24.1,144.1
12768,Sonny Gray,- - -,30,122,115,0,616.2,2588,35,10226,598.4,17.1,0.477,92.8,0.165,83.7,0.075,89.4,0.244,80.7,0.039,89.4,,,,,23.2,119.2
2520,Lance Lynn,- - -,32,126,124,2,727.2,3072,34,12533,719.4,7.1,0.687,93.5,0.161,88.7,0.045,88.6,0.078,81.5,0.015,85.3,0.014,87.5,,,24.1,121.2
14107,Kevin Gausman,- - -,29,138,122,0,712.1,2972,21,11435,685.6,25.1,0.538,94.4,0.095,82.7,,,0,75,0.05,83.4,0.317,84,,,24.1,174.2
2429,Corey Kluber,- - -,34,88,88,3,495.2,2043,8,7602,495.2,,0.351,91,,,0.306,87.6,0.252,82.3,0.091,84.2,,,,,22.5,164
18413,Jose Urquidy,HOU,26,63,60,0,342,1387,11,5393,332.3,9,0.529,93.2,0.158,80.2,0.024,87.5,0.113,78,0.177,85.1,,,,,20.9,164.1
14843,Michael Lorenzen,- - -,28,181,23,0,324.2,1370,14,5370,119.6,203.2,0.428,95.5,0.14,84.9,0.214,92.1,0.047,82.7,0.171,86.6,,,,,21.2,97.2
13273,Ross Stripling,- - -,30,133,88,0,497.2,2060,8,7978,425.7,69.4,0.431,91.5,0.209,86.9,,,0.188,79.1,0.172,83.2,,,,,23.4,134.1
11836,Taijuan Walker,- - -,27,74,73,0,383.2,1588,6,6170,378.3,4.2,0.501,93.8,0.186,85.6,0.03,88.7,0.083,75.5,0.006,89,0.194,89,,,19.9,157.1
22250,Logan Gilbert,SEA,25,56,56,0,305,1269,14,5140,304.3,,0.579,95.8,0.241,85.5,,,0.102,79.2,0.079,83.6,,,,,21.4,185.2
11674,Jameson Taillon,- - -,28,100,100,3,550,2274,10,8692,549.3,,0.527,94.6,0.197,87.8,0.036,90.7,0.177,81.5,0.063,87.9,0,93,,,22.1,177.1
11762,Noah Syndergaard,- - -,28,84,83,4,488.2,2042,7,7559,485.5,2,0.543,96.7,0.189,88.8,,,0.099,80.1,0.169,90,,,,,23.1,134.2
18679,Freddy Peralta,MIL,24,116,67,1,415,1725,13,7243,329.6,82.6,0.647,92.7,0.138,80.4,,,0.156,76.6,0.059,87.2,,,,,23.7,78
21224,Bailey Ober,MIN,26,31,31,0,148.1,606,1,2330,148.1,,0.547,92.1,0.203,82.1,,,0.111,75.7,0.139,84.6,,,,,21.4,56
16511,Jordan Montgomery,- - -,27,80,79,1,411,1713,19,6567,407.6,2,0.451,92.6,0.006,86.4,0.076,87.7,0.233,80.2,0.234,82.6,,,,,24.3,178.1
11486,Robbie Ray,- - -,28,133,132,0,732,3072,28,12603,727.5,3.1,0.565,93.6,0.316,86.4,,,0.109,82.3,0.01,87.9,,,,,23.8,189
12049,Kyle Hendricks,CHC,30,123,123,3,722.2,2998,4,11067,722.2,,0.603,87,,,,,0.106,72.3,0.291,79.3,,,,,21.2,84.1
6893,Johnny Cueto,- - -,34,72,70,1,405.1,1699,6,6454,397.3,7.1,0.466,91.3,0.122,83,0.152,85.8,0.033,79,0.228,82.5,,,,,21.1,158.1
17085,Pablo Lopez,MIA,24,94,94,0,510,2110,15,8228,508.6,,0.515,93.5,,,0.07,90.1,0.121,79.9,0.294,87.2,,,,,22.4,180
15467,Marco Gonzales,SEA,28,131,131,3,765.2,3197,6,12015,764.5,,0.4,88.8,,,0.197,85.9,0.166,76.6,0.236,80.9,,,,,22,183
3284,Anibal Sanchez,- - -,35,80,79,0,425,1802,7,7024,421.3,3,0.355,90.3,0.037,83.2,0.263,87.9,0.068,77,0.277,81,,,,,21.2,69.1
13896,Chris Flexen,- - -,25,77,55,0,337.1,1441,10,5440,307.3,28.4,0.415,92.5,0.05,83.2,0.283,88.3,0.099,76.9,0.153,82.1,,,,,22.9,137.2
11156,Merrill Kelly,ARI,32,97,97,0,573,2373,10,8931,572.3,,0.472,92.1,0.001,84.6,0.177,90.6,0.178,81.3,0.172,87.6,,,,,23.2,200.1
19951,Ian Anderson,ATL,23,52,52,0,272.1,1166,15,4751,271.4,,0.478,94.3,,,,,0.201,81.1,0.321,88.1,,,,,22.2,111.2
12718,Adrian Houser,MIL,27,104,76,1,426,1821,15,7158,370.5,53.4,0.665,93.9,0.104,85.7,,,0.135,80.6,0.097,86.2,,,,,21.3,102.2
25377,Brady Singer,KCR,24,66,63,1,346,1470,11,5734,339.4,5.2,0.564,93.7,0.379,85.1,,,,,0.056,87.4,,,,,21,153.1
15873,Sean Manaea,- - -,28,105,103,3,581.2,2410,16,9089,575.5,5,0.591,91.2,0.14,80.7,0.003,84.3,0.006,77.1,0.26,83.6,,,,,21.1,158
6632,Carlos Carrasco,- - -,33,108,95,3,545.2,2287,23,8646,524.4,20.1,0.454,93.3,0.253,85.1,0,90,0.083,82.2,0.21,87.7,,,,,23,152
14168,Jose Berrios,- - -,26,140,140,4,819.2,3444,21,13066,818.5,,0.561,93.5,,,,,0.301,82.3,0.138,84,,,,,21.6,172
19979,Zach Plesac,CLE,26,79,78,1,445.1,1847,10,7026,442.7,1,0.441,92.9,0.227,85.9,,,0.103,79.7,0.228,85.8,,,,,21.9,131.2
9132,Nathan Eovaldi,- - -,29,106,94,2,518.2,2180,20,8473,500.5,16.3,0.408,96.9,0.107,86.2,0.187,92.5,0.151,79,,,0.147,88,,,23.1,109.1
19479,Aaron Civale,CLE,26,63,63,1,353,1444,6,5561,352.3,,0.329,91.7,0.095,83,0.292,87.3,0.197,76.2,0.03,84.9,0.058,85.6,,,22,97
18356,Jaime Barria,LAA,23,100,56,0,380.1,1600,7,6220,266.6,111.4,0.449,91.8,0.417,83.8,,,,,0.134,83.6,,,,,23,79.1
21844,Braxton Garrett,MIA,23,27,26,0,129.2,566,7,2177,126.2,3,0.481,90.8,0.277,83.8,,,0.136,78,0.107,85.4,,,,,23,88
13164,Eduardo Rodriguez,- - -,27,110,105,0,581.2,2478,5,9998,573.4,7.1,0.533,92.8,0.064,82.9,0.186,88.6,,,0.217,86.7,,,,,23.4,91
19316,Eric Lauer,- - -,25,110,103,0,550,2366,14,9412,530.7,17.2,0.496,92.2,0.138,85.7,0.17,89.3,0.143,77.5,0.053,86.2,,,,,21.8,158.2
22286,Trevor Rogers,MIA,23,55,55,0,268,1157,9,4677,268,,0.56,94.5,0.168,81.2,,,,,0.272,85.2,,,,,23.1,107
19665,Kyle Wright,ATL,24,51,44,0,250.1,1062,11,3950,240.4,9,0.457,94.6,0.126,88.5,,,0.277,84.2,0.14,87.9,,,,,22.2,180.1
22267,Tarik Skubal,DET,24,60,57,0,299,1245,5,5052,287.4,10.2,0.534,94.4,0.249,87.8,,,0.067,75.3,0.137,82.9,0.013,85.1,,,20.5,117.2
13774,Zach Eflin,PHI,26,105,93,3,531.2,2253,8,8333,514.5,14.6,0.566,93.5,0.195,86.6,0.059,89.5,0.094,78.1,0.086,86.4,,,,,21.8,75.2
11423,Jose Quintana,- - -,31,129,106,0,584,2501,23,9881,543.3,39.3,0.607,91.5,0.05,78.4,,,0.218,77.3,0.126,86.5,,,,,23.3,165.2
12880,Tyler Anderson,- - -,30,111,107,1,602,2513,17,9414,586.7,13.2,0.459,90.8,,,0.25,86.2,0.021,73.5,0.269,80.4,,,,,22.6,178.2
6397,Jake Odorizzi,- - -,30,112,111,0,548,2323,7,9792,542.6,4,0.547,92.1,0.13,83.6,0.089,87.3,0.054,73.7,0.179,84.8,0.001,85.3,,,24.5,106.1
20000,Tyler Wells,BAL,27,67,23,0,160.2,647,1,2543,103.2,57,0.476,94.3,0.137,85.9,0.174,87.6,0.057,76.9,0.156,87.1,,,,,24.4,103.2
18331,James Kaprielian,OAK,27,52,47,0,257,1096,3,4325,245.1,11.2,0.567,93.6,0.204,85.2,,,0.103,78.9,0.126,84.5,,,,,23.8,134
16977,Trevor Williams,- - -,29,121,92,1,552.1,2366,8,9011,476.9,72.4,0.645,90.9,0.188,82.5,,,0.034,77.7,0.133,83.9,,,,,22.6,89.2
15734,Brad Keller,KCR,24,139,105,2,633.2,2737,34,10426,592.6,39.2,0.634,93.7,0.326,85.8,,,,,0.036,89.6,0.004,88.4,,,20.5,139.2
20302,David Peterson,NYM,25,53,43,0,222,946,10,3823,202.4,18.2,0.531,93,0.27,83.2,,,0.032,77.7,0.167,84.8,,,,,20.9,105.2
27468,Reid Detmers,LAA,22,30,30,1,149.2,640,3,2560,149.2,,0.45,93.2,0.253,85.9,,,0.194,73.3,0.103,84.3,,,,,21.2,129
13183,Zach Davies,- - -,27,115,115,0,577.1,2466,8,9728,576.4,,0.518,88.8,0.008,79.5,0.101,87.1,0.064,74.9,0.309,79.5,,,,,21.3,134.1
16256,Kyle Freeland,COL,27,122,122,0,672.2,2902,11,10879,670.8,,0.466,91.2,0.146,85,0.139,86.1,0.101,80.6,0.148,85.6,,,,,22.9,174.2
14078,Michael Wacha,- - -,28,104,92,1,497,2116,15,8150,462.3,33.3,0.45,93.3,,,0.196,89.1,0.088,75.5,0.267,85.8,,,,,21.4,127.1
5524,Madison Bumgarner,- - -,30,120,120,1,684,2896,10,11016,681.9,,0.375,90.9,0.348,86.5,,,0.203,78.2,0.075,84.5,,,,,23.4,158.2
16502,Ryan Yarbrough,TBR,28,127,59,1,579.2,2433,7,9132,316.7,260.4,0.225,88.1,0.159,72.5,0.354,83.8,,,0.262,79.4,,,,,23.9,80
22487,Johan Oviedo,- - -,23,40,26,0,143,642,8,2510,116.6,24.3,0.501,95.3,0.312,85.6,0,95,0.112,77.5,0.075,87.2,,,,,22.5,56
10123,Kyle Gibson,- - -,32,140,134,1,773.2,3305,23,12766,761.9,9.2,0.492,92.7,0.202,84.1,0.08,89.4,0.095,79.9,0.132,85.1,,,,,24.9,167.2
13781,Alex Wood,- - -,29,101,88,0,469.1,1995,14,7745,456.6,10.4,0.454,91.3,0.193,84.3,,,0.126,82.5,0.226,84.7,,,,,21.2,130.2
17735,Tyler Alexander,DET,26,95,42,0,297.1,1265,3,4748,194.6,100.4,0.429,90.4,0.15,81.2,0.251,86,,,0.17,83.6,,,,,22.2,101
16400,Reynaldo Lopez,CHW,26,154,83,1,522,2205,18,8673,437.4,83.2,0.585,95.6,0.227,84.9,,,0.058,77.5,0.131,83.9,,,,,23.5,65.1
13339,Adrian Sampson,- - -,28,71,43,1,288,1232,7,4643,222.6,62.6,0.59,92.2,0.257,84,,,0.001,82,0.152,86.1,,,,,23,104.1
15474,Lucas Giolito,CHW,25,134,134,5,762.2,3186,37,12758,760.8,,0.515,93.3,0.182,84.8,,,0.048,79.1,0.256,81.4,,,,,23.6,161.2
6562,Alex Cobb,- - -,32,87,87,1,460,1971,13,7470,458.6,,0.47,93.1,0.003,86.1,,,0.176,82.5,0.351,88,,,,,22.3,149.2
13218,Michael Fulmer,- - -,28,153,38,0,293.1,1267,6,4906,171.5,120.2,0.504,95.3,0.365,89.1,,,0.018,78.9,0.113,87.7,,,,,21.9,63.2
15038,German Marquez,COL,25,137,137,4,813.1,3417,49,12590,812.4,,0.535,95.3,0.201,86.9,,,0.225,84.7,0.039,86.7,,,,,20,181.2
19244,Cole Irvin,- - -,26,81,65,0,404.2,1712,7,6013,376.3,27.2,0.585,90.6,0.137,82,0.009,87.3,0.061,76,0.208,83.7,,,,,20.6,181
16358,Tyler Mahle,- - -,25,114,113,0,590,2526,12,10431,585.5,3.1,0.567,93.4,0.187,85.7,0.038,87.3,0.051,80.4,0.022,83.4,0.134,86.3,,,22.2,120.2
14875,Caleb Smith,- - -,28,138,62,0,428.1,1834,9,7622,300.2,127.2,0.518,91.9,0.296,83.9,,,0.028,78.1,0.158,82.9,,,,,22.5,70
19309,Trevor Richards,- - -,27,179,56,0,422,1809,24,7322,269.5,149.7,0.496,91.5,0.064,84.3,0.034,85.2,0.062,80,0.345,83.5,,,,,21.7,64
17149,Domingo German,NYY,27,85,70,0,399.1,1677,15,6374,363.5,33.5,0.441,93.7,,,,,0.358,81.5,0.201,86.8,,,,,21.1,72.1
19409,Dane Dunning,- - -,26,63,61,0,305,1324,19,5028,301.3,3,0.473,90.2,0.247,79.4,0.091,86.7,0.026,78.4,0.163,84.3,,,,,22,153.1
6902,Martin Perez,- - -,29,134,110,1,623,2726,16,10048,589.2,33.1,0.445,93.1,0.013,83.9,0.243,89.2,0.061,78.6,0.238,84.6,,,,,23.7,196.1
16094,Zach Thompson,- - -,28,55,36,0,196.2,858,10,3274,165.3,30.2,0.365,92.2,,,0.34,86.9,0.194,76.8,0.101,85.6,,,,,23.5,121.2
22182,Hunter Greene,CIN,22,24,24,1,125.2,531,4,2200,125.2,,0.538,99,0.409,88.1,,,,,0.053,90.1,,,,,21.6,125.2
6986,Ian Kennedy,- - -,35,212,23,0,303.2,1313,10,5183,121.2,181.3,0.682,93.3,,,0.105,88.8,0.133,79.2,0.064,85.9,0.017,85.5,,,25.2,50.1
9323,Patrick Corbin,- - -,30,139,139,3,792,3394,15,12882,790.6,,0.546,91.8,0.37,81.3,0.001,86,0.035,70.5,0.048,81.6,,,,,22.3,152.2
9434,Dallas Keuchel,- - -,33,110,108,1,603.1,2641,23,10025,595.8,5.2,0.476,88.4,0.116,78.3,0.203,85.6,,,0.204,79.5,,,,,21.9,60.2
19350,Dean Kremer,BAL,25,39,38,1,197.2,840,10,3279,191.4,5.1,0.468,93,,,0.267,87.8,0.149,76.1,0.116,83.6,,,,,22.2,125.1
14916,Jon Gray,- - -,28,118,117,0,637.2,2719,26,10430,636.4,0.1,0.5,95.3,0.349,87,,,0.093,78.5,0.058,87.6,,,,,22.9,127.1
8246,Paolo Espino,WSN,34,79,39,1,229,969,2,3718,173.2,54.4,0.516,88.8,0.187,77.8,,,0.253,71.3,0.045,83.7,,,,,22.1,113.1
15423,Andrew Heaney,- - -,30,106,97,1,544.1,2305,19,9089,525.5,17.2,0.59,92.2,0.258,79.9,,,,,0.152,83.8,,,,,21.6,72.2
10021,Mike Minor,- - -,32,119,118,3,678.2,2866,11,11260,676.5,1,0.452,91.8,0.213,86.2,,,0.117,80.4,0.218,85.6,,,0,64,21.9,98
19959,Jesus Luzardo,- - -,23,61,45,0,266.2,1131,18,4482,234.3,31.2,0.502,95.8,0.268,83.7,,,0.013,82.7,0.217,87,,,,,20.3,100.1
11760,Drew Smyly,- - -,31,83,71,0,373.1,1618,16,6565,339.7,32,0.442,92,,,0.165,87.8,0.378,78.6,0.016,82.4,,,,,21,106.1
16561,Austin Gomber,- - -,26,99,55,0,344,1470,9,5662,274.5,68.1,0.438,91.7,0.228,85.6,,,0.183,76.4,0.151,82.7,,,,,21.2,124.2
6345,Chris Archer,- - -,31,81,80,0,390,1684,16,6717,386.6,2,0.449,94,0.404,88.4,,,0.026,82,0.12,87.4,,,,,24,102.2
13761,Chris Stratton,- - -,29,218,32,1,393.2,1716,15,6839,166.3,224.8,0.542,92,0.173,85.1,,,0.19,79.3,0.095,85.4,,,,,23.5,63.1
7593,Jordan Lyles,- - -,29,139,107,1,645.1,2779,26,10803,576.5,67.2,0.494,92.5,0.181,83.3,0.009,85.4,0.224,80.7,0.091,86.2,,,,,21.8,179
10732,Drew Hutchison,- - -,29,53,25,0,169.1,754,9,2849,116.3,51.4,0.539,91.9,0.353,85.1,,,,,0.107,85.5,,,,,23,105.1
20369,Matt Manning,DET,24,30,30,0,148.1,648,3,2411,148.1,,0.601,93.5,0.183,84.6,,,0.11,79.1,0.106,87.2,,,,,22.1,63
15454,Nick Pivetta,- - -,27,132,110,2,608,2620,32,10582,575.2,31.4,0.534,94.4,0.183,85.7,,,0.26,79,0.023,87.3,,,,,21.7,179.2
13619,Jakob Junis,- - -,27,108,90,1,529,2289,18,8587,486.3,42,0.463,91.3,0.438,82.1,0.019,89.3,0.005,78.5,0.075,84.8,,,,,19.8,112
11589,Jose Urena,- - -,28,107,84,1,479.2,2073,11,7861,443.4,34.4,0.608,95.4,0.245,86,,,,,0.148,90,,,,,20.7,97
15047,Austin Voth,- - -,28,114,39,1,264.2,1144,8,4578,177.5,84.6,0.529,93.1,0.095,87.2,0.083,89.5,0.265,78.2,0.025,86,0.002,87.8,,,24.9,101.2
27552,Graham Ashcraft,CIN,24,19,19,0,105,464,9,1756,105,,0.21,97.2,0.271,85.8,0.512,97.3,,,0.007,89.9,,,,,22.8,105
21455,Kris Bubic,KCR,23,67,57,0,309,1365,4,5396,281.2,27.1,0.518,91.4,,,,,0.189,79,0.294,80.3,,,,,22.8,129
24586,Kyle Bradish,BAL,25,23,23,0,117.2,509,7,1993,117.2,,0.488,94.7,0.298,87,,,0.129,83.2,0.085,89.9,,,,,24,117.2
15488,Antonio Senzatela,COL,25,107,97,1,537.1,2358,7,8829,518.6,17.1,0.598,94.1,0.246,85.4,,,0.08,78.5,0.069,86.4,0.007,88.1,,,21.2,92.1
18325,Taylor Hearn,TEX,26,88,25,0,222,974,11,3904,110.1,111.2,0.65,94.7,0.23,84.4,0.016,88.5,,,0.104,86.9,,,,,23.8,100
13475,Daniel Norris,- - -,27,154,41,0,332,1424,14,5668,183.5,145.7,0.49,91.2,0.255,83.4,,,0.039,75.9,0.217,86.5,,,,,21.3,58.2
19362,Keegan Akin,BAL,26,77,24,0,202.1,872,6,3503,101.2,100.2,0.561,92.5,0.216,84.6,,,0.037,76.9,0.187,82.6,,,,,20.3,81.2
17578,JT Brubaker,PIT,27,63,61,0,315.2,1389,13,5130,310.2,5,0.485,93.2,0.325,87,,,0.135,80,0.055,87.4,,,,,21.7,144
17594,Mitch Keller,PIT,25,70,68,0,329.1,1471,8,5836,322.4,6,0.567,94.7,0.223,85.5,,,0.156,79,0.054,90.7,,,,,21.8,159
1890,Matt Moore,- - -,31,128,27,0,259,1142,17,4411,121.1,137.2,0.542,92.8,,,0.066,89.6,0.232,82.1,0.16,83.7,,,,,22.9,74
12917,Dylan Bundy,- - -,27,124,120,2,629.2,2709,19,10344,622.8,5,0.503,90.8,0.237,80.5,,,0.105,73.9,0.155,82.8,,,,,21,140
20633,Yusei Kikuchi,- - -,30,102,90,1,466.1,2035,17,7922,447.3,18.1,0.441,94.1,0.242,85.1,0.167,91.5,0.054,75,,,0.097,86.1,,,24.2,100.2
14975,Chad Kuhl,- - -,27,82,66,1,348.2,1536,22,6035,330.1,18.1,0.467,94,0.346,87.5,,,0.126,80.8,0.062,88.5,,,,,22.1,137
16933,Elieser Hernandez,MIA,25,90,48,0,287.2,1246,5,4921,221.8,62.6,0.559,90.9,0.32,79.5,,,,,0.122,83.4,,,,,22.2,62.1
19911,Jose Suarez,LAA,23,66,51,1,290.2,1273,11,5007,242.2,47.3,0.457,92.4,0.08,81.7,,,0.184,77.5,0.279,82.2,,,,,25,109
24580,Josiah Gray,- - -,23,42,41,0,219.1,956,14,3810,214.4,4,0.458,94.5,0.264,85.8,,,0.249,83.1,0.03,88.4,,,,,25.1,148.2
11189,Vince Velasquez,- - -,28,125,90,0,467.2,2036,17,8277,410.6,55.2,0.605,93.7,0.172,85.4,0,89.5,0.149,82.1,0.074,88.5,,,,,25.4,75.1
22224,Jon Heasley,KCR,25,24,24,0,118.2,524,9,2046,118.2,,0.492,93.4,0.11,85.6,,,0.182,78.8,0.216,85,,,,,21.9,104
17425,Erick Fedde,WSN,27,99,85,0,439,1936,10,7912,408.4,28.5,0.47,93.2,0.227,79.3,0.217,88.9,0.008,77.3,0.077,86.9,,,,,22.2,127
21537,Daniel Lynch,KCR,25,42,42,0,199.2,911,11,3692,199.2,,0.483,93.9,0.298,85.8,,,0.043,80.3,0.176,84.8,,,,,21.2,131.2
21366,Glenn Otto,TEX,26,33,33,0,159,698,6,2677,158.3,,0.498,92.3,0.288,81.1,,,0.141,81.2,0.072,88,,,,,24.5,135.2
19800,Wil Crowe,- - -,26,89,29,0,201,902,6,3745,126.1,74.2,0.439,93.8,0.272,86.3,,,0.074,80.6,0.215,85.5,,,,,24.6,76
16981,Tyler Beede,- - -,27,58,29,0,187,854,15,3294,134.4,50.5,0.528,94.6,0.123,87,,,0.131,79.9,0.218,84.1,,,,,23.7,61.1
11490,Aaron Sanchez,- - -,28,71,64,0,331.2,1500,13,5700,308.8,21,0.594,93.1,,,,,0.213,78.1,0.193,87.6,,,,,22.6,60
14527,Jorge Lopez,- - -,27,166,56,0,409,1809,27,6908,262.3,143.9,0.556,95,0.067,87.3,,,0.264,82,0.112,88.4,,,,,22.3,71
19990,Bryse Wilson,- - -,22,56,43,0,232.1,1030,5,3763,196.6,33.4,0.613,93.1,0.125,84.5,,,0.105,77.3,0.157,85.9,,,,,22,115.2
20370,Bruce Zimmermann,BAL,26,31,27,0,145,636,3,2342,127.4,16.2,0.413,91.1,0.184,85.6,,,0.13,81.4,0.273,84.6,,,,,23.1,73.2
14739,Paul Blackburn,OAK,26,41,38,0,190.2,832,5,3157,181.5,8,0.461,91.2,0.15,85.3,0.109,87.2,0.154,78.8,0.122,85.7,0.004,82.8,,,23.9,111.1
17489,Spenser Watkins,BAL,29,39,30,0,160,714,7,2602,141,18.3,0.421,91.2,0.112,78.5,0.291,87,0.122,78,0.054,86.2,,,,,21.3,105.1
21446,Ryan Feltner,COL,25,22,21,0,103.2,461,4,1817,100.1,3.1,0.553,94.1,0.287,84.2,0.001,91,0.095,77.7,0.064,83.7,,,,,22,97.1
